"# CUDA_PROFILE_LOG_VERSION 1.4",,,,,,,,,,,,,,,,,,,,,,,,,,,,,,
"# CUDA_PROFILE_CSV 1",,,,,,,,,,,,,,,,,,,,,,,,,,,,,,
"# CUDA_DEVICE_NAME 0 GeForce GTX 260",,,,,,,,,,,,,,,,,,,,,,,,,,,,,,
"timestamp","method","gputime","cputime","occupancy","gridSizeX","gridSizeY","blockSizeX","blockSizeY","blockSizeZ","dynSmemPerBlock","staSmemPerBlock","registerPerThread","streamID","memTransferSize","memTransferDir","gld_coherent","gst_coherent","local_load","local_store","branch","divergent_branch","instructions","warp_serialize","cta_launched","gld_32b","gld_64b","gld_128b","gst_32b","gst_64b","gst_128b"
9291,"memcopy",72.26,161,,,,,,,,,,,179200,0,,,,,,,,,,,,,,,
9484,"_Z19fdk_ts_back1_kernelPfS_iiiffffffPKhhffiiiffffPKff",15.74,30,1,8,8,16,16,1,0,132,13,0,,,124,1464,0,0,224,16,3028,0,8,124,0,0,0,366,0
9568,"_Z21fdk_ts_back1_kernel_2PfS_iiiffPKhhiiffPKf",4755.1,4770,1,240,16,8,8,8,0,96,13,0,,,700075,353124,0,0,50436,1972,492458,0,480,691648,5614,2813,176562,0,0
14378,"memcopy",143.62,155,,,,,,,,,,,179200,0,,,,,,,,,,,,,,,
14545,"_Z19fdk_ts_back1_kernelPfS_iiiffffffPKhhffiiiffffPKff",16.51,30,1,8,8,16,16,1,0,132,13,0,,,124,1464,0,0,336,24,5013,0,8,124,0,0,0,366,0
14621,"_Z21fdk_ts_back1_kernel_2PfS_iiiffPKhhiiffPKf",4755.52,4769,1,240,16,8,8,8,0,96,13,0,,,698356,354032,0,0,50930,1939,495113,0,480,689782,5725,2849,177016,0,0
19425,"memcopy",143.07,158,,,,,,,,,,,179200,0,,,,,,,,,,,,,,,
19594,"_Z19fdk_ts_back1_kernelPfS_iiiffffffPKhhffiiiffffPKff",16.54,30,1,8,8,16,16,1,0,132,13,0,,,124,1464,0,0,310,22,4617,0,8,124,0,0,0,366,0
19668,"_Z21fdk_ts_back1_kernel_2PfS_iiiffPKhhiiffPKf",4732.26,4746,1,240,16,8,8,8,0,96,13,0,,,700539,354880,0,0,52469,1941,501657,0,480,692102,5612,2825,177440,0,0
24450,"memcopy",143.07,155,,,,,,,,,,,179200,0,,,,,,,,,,,,,,,
24616,"_Z19fdk_ts_back1_kernelPfS_iiiffffffPKhhffiiiffffPKff",16.45,30,1,8,8,16,16,1,0,132,13,0,,,124,1464,0,0,224,16,3394,0,8,124,0,0,0,366,0
24688,"_Z21fdk_ts_back1_kernel_2PfS_iiiffPKhhiiffPKf",4709.06,4722,1,240,16,8,8,8,0,96,13,0,,,711405,355752,0,0,50439,1934,492604,0,480,703396,5354,2655,177876,0,0
29446,"memcopy",143.01,158,,,,,,,,,,,179200,0,,,,,,,,,,,,,,,
29616,"_Z19fdk_ts_back1_kernelPfS_iiiffffffPKhhffiiiffffPKff",16.48,30,1,8,8,16,16,1,0,132,13,0,,,124,1464,0,0,336,24,5011,0,8,124,0,0,0,366,0
29689,"_Z21fdk_ts_back1_kernel_2PfS_iiiffPKhhiiffPKf",4753.22,4766,1,240,16,8,8,8,0,96,13,0,,,726027,356636,0,0,50939,1941,495574,0,480,718268,5166,2593,178318,0,0
34492,"memcopy",143.3,157,,,,,,,,,,,179200,0,,,,,,,,,,,,,,,
34659,"_Z19fdk_ts_back1_kernelPfS_iiiffffffPKhhffiiiffffPKff",16.42,30,1,8,8,16,16,1,0,132,13,0,,,124,1464,0,0,310,22,4617,0,8,124,0,0,0,366,0
34731,"_Z21fdk_ts_back1_kernel_2PfS_iiiffPKhhiiffPKf",4704.77,4718,1,240,16,8,8,8,0,96,13,0,,,729399,357936,0,0,52479,1942,502180,0,480,721872,5014,2513,178968,0,0
39487,"memcopy",143.3,156,,,,,,,,,,,179200,0,,,,,,,,,,,,,,,
39654,"_Z19fdk_ts_back1_kernelPfS_iiiffffffPKhhffiiiffffPKff",16.54,30,1,8,8,16,16,1,0,132,13,0,,,124,1464,0,0,224,16,3384,0,8,124,0,0,0,366,0
39727,"_Z21fdk_ts_back1_kernel_2PfS_iiiffPKhhiiffPKf",4739.58,4754,1,240,16,8,8,8,0,96,13,0,,,738063,359052,0,0,50440,1897,492668,0,480,730812,4826,2425,179526,0,0
44530,"memcopy",143.1,154,,,,,,,,,,,179200,0,,,,,,,,,,,,,,,
44698,"_Z19fdk_ts_back1_kernelPfS_iiiffffffPKhhffiiiffffPKff",16.61,31,1,8,8,16,16,1,0,132,13,0,,,124,1464,0,0,336,24,5014,0,8,124,0,0,0,366,0
44775,"_Z21fdk_ts_back1_kernel_2PfS_iiiffPKhhiiffPKf",4752.26,4766,1,240,16,8,8,8,0,96,13,0,,,751732,360364,0,0,51102,1942,501044,0,480,744856,4587,2289,180182,0,0
49577,"memcopy",142.78,152,,,,,,,,,,,179200,0,,,,,,,,,,,,,,,
49740,"_Z19fdk_ts_back1_kernelPfS_iiiffffffPKhhffiiiffffPKff",16.42,29,1,8,8,16,16,1,0,132,13,0,,,124,1464,0,0,310,22,4617,0,8,124,0,0,0,366,0
49812,"_Z21fdk_ts_back1_kernel_2PfS_iiiffPKhhiiffPKf",4740.38,4753,1,240,16,8,8,8,0,96,13,0,,,771203,361708,0,0,52639,1942,507487,0,480,764680,4324,2199,180854,0,0
54605,"memcopy",142.69,156,,,,,,,,,,,179200,0,,,,,,,,,,,,,,,
54770,"_Z19fdk_ts_back1_kernelPfS_iiiffffffPKhhffiiiffffPKff",16.45,30,1,8,8,16,16,1,0,132,13,0,,,124,1464,0,0,224,16,3387,0,8,124,0,0,0,366,0
54843,"_Z21fdk_ts_back1_kernel_2PfS_iiiffPKhhiiffPKf",4721.54,4734,1,240,16,8,8,8,0,96,13,0,,,767764,362588,0,0,50601,1937,498025,0,480,761138,4420,2206,181294,0,0
59617,"memcopy",142.75,172,,,,,,,,,,,179200,0,,,,,,,,,,,,,,,
59801,"_Z19fdk_ts_back1_kernelPfS_iiiffffffPKhhffiiiffffPKff",16.54,30,1,8,8,16,16,1,0,132,13,0,,,124,1464,0,0,336,24,5011,0,8,124,0,0,0,366,0
59878,"_Z21fdk_ts_back1_kernel_2PfS_iiiffPKhhiiffPKf",4706.62,4720,1,240,16,8,8,8,0,96,13,0,,,784935,364124,0,0,51110,1942,501452,0,480,778952,3998,1985,182062,0,0
64635,"memcopy",143.07,153,,,,,,,,,,,179200,0,,,,,,,,,,,,,,,
64800,"_Z19fdk_ts_back1_kernelPfS_iiiffffffPKhhffiiiffffPKff",16.51,30,1,8,8,16,16,1,0,132,13,0,,,124,1464,0,0,310,22,4617,0,8,124,0,0,0,366,0
64873,"_Z21fdk_ts_back1_kernel_2PfS_iiiffPKhhiiffPKf",4726.98,4740,1,240,16,8,8,8,0,96,13,0,,,788859,365312,0,0,52650,1905,508050,0,480,782990,3932,1937,182656,0,0
69649,"memcopy",143.36,152,,,,,,,,,,,179200,0,,,,,,,,,,,,,,,
69812,"_Z19fdk_ts_back1_kernelPfS_iiiffffffPKhhffiiiffffPKff",16.45,29,1,8,8,16,16,1,0,132,13,0,,,124,1464,0,0,224,16,3376,0,8,124,0,0,0,366,0
69884,"_Z21fdk_ts_back1_kernel_2PfS_iiiffPKhhiiffPKf",4718.53,4732,1,240,16,8,8,8,0,96,13,0,,,794930,366672,0,0,50603,1900,498136,0,480,789022,3922,1986,183336,0,0
74652,"memcopy",143.04,150,,,,,,,,,,,179200,0,,,,,,,,,,,,,,,
74813,"_Z19fdk_ts_back1_kernelPfS_iiiffffffPKhhffiiiffffPKff",16.38,29,1,8,8,16,16,1,0,132,13,0,,,124,1464,0,0,336,24,5012,0,8,124,0,0,0,366,0
74886,"_Z21fdk_ts_back1_kernel_2PfS_iiiffPKhhiiffPKf",4716.83,4730,1,240,16,8,8,8,0,96,13,0,,,804539,368516,0,0,51116,1903,501760,0,480,798788,3818,1933,184258,0,0
79654,"memcopy",142.75,151,,,,,,,,,,,179200,0,,,,,,,,,,,,,,,
79815,"_Z19fdk_ts_back1_kernelPfS_iiiffffffPKhhffiiiffffPKff",16.48,29,1,8,8,16,16,1,0,132,13,0,,,124,1464,0,0,310,22,4617,0,8,124,0,0,0,366,0
79888,"_Z21fdk_ts_back1_kernel_2PfS_iiiffPKhhiiffPKf",4720.26,4733,1,240,16,8,8,8,0,96,13,0,,,808949,369912,0,0,52654,1904,508249,0,480,803174,3852,1923,184956,0,0
84657,"memcopy",142.75,150,,,,,,,,,,,179200,0,,,,,,,,,,,,,,,
84817,"_Z19fdk_ts_back1_kernelPfS_iiiffffffPKhhffiiiffffPKff",16.54,30,1,8,8,16,16,1,0,132,13,0,,,124,1464,0,0,224,16,3390,0,8,124,0,0,0,366,0
84890,"_Z21fdk_ts_back1_kernel_2PfS_iiiffPKhhiiffPKf",4705.92,4719,1,240,16,8,8,8,0,96,13,0,,,808504,371300,0,0,50767,1901,503652,0,480,802538,3974,1992,185650,0,0
89645,"memcopy",142.75,148,,,,,,,,,,,179200,0,,,,,,,,,,,,,,,
89804,"_Z19fdk_ts_back1_kernelPfS_iiiffffffPKhhffiiiffffPKff",16.58,30,1,8,8,16,16,1,0,132,13,0,,,124,1464,0,0,336,24,5014,0,8,124,0,0,0,366,0
89876,"_Z21fdk_ts_back1_kernel_2PfS_iiiffPKhhiiffPKf",4787.39,4801,1,240,16,8,8,8,0,96,13,0,,,806561,372932,0,0,51280,1903,507286,0,480,800202,4242,2117,186466,0,0
94714,"memcopy",143.01,152,,,,,,,,,,,179200,0,,,,,,,,,,,,,,,
94878,"_Z19fdk_ts_back1_kernelPfS_iiiffffffPKhhffiiiffffPKff",16.51,30,1,8,8,16,16,1,0,132,13,0,,,124,1464,0,0,310,22,4617,0,8,124,0,0,0,366,0
94950,"_Z21fdk_ts_back1_kernel_2PfS_iiiffPKhhiiffPKf",4775.49,4788,1,240,16,8,8,8,0,96,13,0,,,803475,374584,0,0,52820,1904,513897,0,480,796838,4438,2199,187292,0,0
99774,"memcopy",143.3,153,,,,,,,,,,,179200,0,,,,,,,,,,,,,,,
99939,"_Z19fdk_ts_back1_kernelPfS_iiiffffffPKhhffiiiffffPKff",16.42,29,1,8,8,16,16,1,0,132,13,0,,,124,1464,0,0,224,16,3377,0,8,124,0,0,0,366,0
100011,"_Z21fdk_ts_back1_kernel_2PfS_iiiffPKhhiiffPKf",4750.53,4763,1,240,16,8,8,8,0,96,13,0,,,793689,376008,0,0,50771,1904,503864,0,480,786250,4974,2465,188004,0,0
104809,"memcopy",143.01,148,,,,,,,,,,,179200,0,,,,,,,,,,,,,,,
104968,"_Z19fdk_ts_back1_kernelPfS_iiiffffffPKhhffiiiffffPKff",16.48,29,1,8,8,16,16,1,0,132,13,0,,,124,1464,0,0,336,24,5012,0,8,124,0,0,0,366,0
105041,"_Z21fdk_ts_back1_kernel_2PfS_iiiffPKhhiiffPKf",4768.06,4781,1,240,16,8,8,8,0,96,13,0,,,792748,377932,0,0,51284,1863,507486,0,480,785148,5026,2574,188966,0,0
109858,"memcopy",143.01,153,,,,,,,,,,,179200,0,,,,,,,,,,,,,,,
110023,"_Z19fdk_ts_back1_kernelPfS_iiiffffffPKhhffiiiffffPKff",16.38,29,1,8,8,16,16,1,0,132,13,0,,,124,1464,0,0,310,22,4617,0,8,124,0,0,0,366,0
110094,"_Z21fdk_ts_back1_kernel_2PfS_iiiffPKhhiiffPKf",4723.68,4736,1,240,16,8,8,8,0,96,13,0,,,783664,379628,0,0,52986,1908,519504,0,480,775596,5368,2700,189814,0,0
114868,"memcopy",142.91,150,,,,,,,,,,,179200,0,,,,,,,,,,,,,,,
115029,"_Z19fdk_ts_back1_kernelPfS_iiiffffffPKhhffiiiffffPKff",16.38,30,1,8,8,16,16,1,0,132,13,0,,,124,1464,0,0,224,16,3382,0,8,124,0,0,0,366,0
115101,"_Z21fdk_ts_back1_kernel_2PfS_iiiffPKhhiiffPKf",4771.33,4785,1,240,16,8,8,8,0,96,13,0,,,777655,381344,0,0,50935,1904,509378,0,480,769044,5747,2864,190672,0,0
119923,"memcopy",142.91,151,,,,,,,,,,,179200,0,,,,,,,,,,,,,,,
120084,"_Z19fdk_ts_back1_kernelPfS_iiiffffffPKhhffiiiffffPKff",16.54,30,1,8,8,16,16,1,0,132,13,0,,,124,1464,0,0,336,24,5011,0,8,124,0,0,0,366,0
120156,"_Z21fdk_ts_back1_kernel_2PfS_iiiffPKhhiiffPKf",4753.54,4766,1,240,16,8,8,8,0,96,13,0,,,776423,383312,0,0,51448,1904,513010,0,480,767560,5926,2937,191656,0,0
124959,"memcopy",143.14,148,,,,,,,,,,,179200,0,,,,,,,,,,,,,,,
125118,"_Z19fdk_ts_back1_kernelPfS_iiiffffffPKhhffiiiffffPKff",16.48,30,1,8,8,16,16,1,0,132,13,0,,,124,1464,0,0,310,22,4616,0,8,124,0,0,0,366,0
125190,"_Z21fdk_ts_back1_kernel_2PfS_iiiffPKhhiiffPKf",4751.23,4765,1,240,16,8,8,8,0,96,13,0,,,773388,385068,0,0,52992,1872,519812,0,480,764186,6140,3062,192534,0,0
129992,"memcopy",142.78,150,,,,,,,,,,,179200,0,,,,,,,,,,,,,,,
130152,"_Z19fdk_ts_back1_kernelPfS_iiiffffffPKhhffiiiffffPKff",16.67,29,1,8,8,16,16,1,0,132,13,0,,,124,1464,0,0,224,16,3376,0,8,124,0,0,0,366,0
130225,"_Z21fdk_ts_back1_kernel_2PfS_iiiffPKhhiiffPKf",4732.03,4745,1,240,16,8,8,8,0,96,13,0,,,772198,387064,0,0,50941,1865,509701,0,480,763044,6102,3052,193532,0,0
135007,"memcopy",142.94,152,,,,,,,,,,,179200,0,,,,,,,,,,,,,,,
135169,"_Z19fdk_ts_back1_kernelPfS_iiiffffffPKhhffiiiffffPKff",16.38,29,1,8,8,16,16,1,0,132,13,0,,,124,1464,0,0,336,24,5011,0,8,124,0,0,0,366,0
135242,"_Z21fdk_ts_back1_kernel_2PfS_iiiffPKhhiiffPKf",4677.41,4691,1,240,16,8,8,8,0,96,13,0,,,766986,388836,0,0,51613,1905,518585,0,480,757574,6298,3114,194418,0,0
139969,"memcopy",143.1,148,,,,,,,,,,,179200,0,,,,,,,,,,,,,,,
140127,"_Z19fdk_ts_back1_kernelPfS_iiiffffffPKhhffiiiffffPKff",16.48,29,1,8,8,16,16,1,0,132,13,0,,,124,1464,0,0,310,22,4617,0,8,124,0,0,0,366,0
140199,"_Z21fdk_ts_back1_kernel_2PfS_iiiffPKhhiiffPKf",4700.93,4713,1,240,16,8,8,8,0,96,13,0,,,761439,391108,0,0,53162,1914,525635,0,480,751206,6822,3411,195554,0,0
144948,"memcopy",142.82,149,,,,,,,,,,,179200,0,,,,,,,,,,,,,,,
145107,"_Z19fdk_ts_back1_kernelPfS_iiiffffffPKhhffiiiffffPKff",16.45,30,1,8,8,16,16,1,0,132,13,0,,,124,1464,0,0,224,16,3379,0,8,124,0,0,0,366,0
145179,"_Z21fdk_ts_back1_kernel_2PfS_iiiffPKhhiiffPKf",4685.02,4698,1,240,16,8,8,8,0,96,13,0,,,761154,393164,0,0,51105,1865,515206,0,480,750996,6760,3398,196582,0,0
149914,"memcopy",142.94,150,,,,,,,,,,,179200,0,,,,,,,,,,,,,,,
150075,"_Z19fdk_ts_back1_kernelPfS_iiiffffffPKhhffiiiffffPKff",16.35,29,1,8,8,16,16,1,0,132,13,0,,,124,1464,0,0,336,24,5010,0,8,124,0,0,0,366,0
150147,"_Z21fdk_ts_back1_kernel_2PfS_iiiffPKhhiiffPKf",4714.43,4727,1,240,16,8,8,8,0,96,13,0,,,757402,395456,0,0,51617,1864,518789,0,480,746860,7048,3494,197728,0,0
154911,"memcopy",143.26,148,,,,,,,,,,,179200,0,,,,,,,,,,,,,,,
155071,"_Z19fdk_ts_back1_kernelPfS_iiiffffffPKhhffiiiffffPKff",16.48,30,1,8,8,16,16,1,0,132,13,0,,,124,1464,0,0,310,22,4629,0,8,124,0,0,0,366,0
155143,"_Z21fdk_ts_back1_kernel_2PfS_iiiffPKhhiiffPKf",4619.58,4632,1,240,16,8,8,8,0,96,13,0,,,758719,397776,0,0,53332,1916,531477,0,480,747648,7382,3689,198888,0,0
159812,"memcopy",143.01,148,,,,,,,,,,,179200,0,,,,,,,,,,,,,,,
159970,"_Z19fdk_ts_back1_kernelPfS_iiiffffffPKhhffiiiffffPKff",16.51,30,1,8,8,16,16,1,0,132,13,0,,,124,1464,0,0,224,16,3376,0,8,124,0,0,0,366,0
160043,"_Z21fdk_ts_back1_kernel_2PfS_iiiffPKhhiiffPKf",4576.83,4590,1,240,16,8,8,8,0,96,13,0,,,747409,399796,0,0,51268,1865,520697,0,480,735784,7837,3788,199898,0,0
164669,"memcopy",143.04,151,,,,,,,,,,,179200,0,,,,,,,,,,,,,,,
164831,"_Z19fdk_ts_back1_kernelPfS_iiiffffffPKhhffiiiffffPKff",16.58,29,1,8,8,16,16,1,0,132,13,0,,,124,1464,0,0,336,24,5023,0,8,124,0,0,0,366,0
164903,"_Z21fdk_ts_back1_kernel_2PfS_iiiffPKhhiiffPKf",4601.28,4615,1,240,16,8,8,8,0,96,13,0,,,747919,402228,0,0,51782,1864,524366,0,480,736016,7931,3972,201114,0,0
169554,"memcopy",143.04,148,,,,,,,,,,,179200,0,,,,,,,,,,,,,,,
169712,"_Z19fdk_ts_back1_kernelPfS_iiiffffffPKhhffiiiffffPKff",16.58,30,1,8,8,16,16,1,0,132,13,0,,,124,1464,0,0,310,22,4619,0,8,124,0,0,0,366,0
169785,"_Z21fdk_ts_back1_kernel_2PfS_iiiffPKhhiiffPKf",4582.66,4595,1,240,16,8,8,8,0,96,13,0,,,745639,404560,0,0,53346,1880,532184,0,480,733340,8184,4115,202280,0,0
174418,"memcopy",142.62,150,,,,,,,,,,,179200,0,,,,,,,,,,,,,,,
174578,"_Z19fdk_ts_back1_kernelPfS_iiiffffffPKhhffiiiffffPKff",16.45,30,1,8,8,16,16,1,0,132,13,0,,,124,1464,0,0,224,16,3378,0,8,124,0,0,0,366,0
174651,"_Z21fdk_ts_back1_kernel_2PfS_iiiffPKhhiiffPKf",4516.64,4529,1,240,16,8,8,8,0,96,13,0,,,739168,406948,0,0,51432,1903,526203,0,480,726520,8450,4198,203474,0,0
179217,"memcopy",142.56,146,,,,,,,,,,,179200,0,,,,,,,,,,,,,,,
179374,"_Z19fdk_ts_back1_kernelPfS_iiiffffffPKhhffiiiffffPKff",16.48,30,1,8,8,16,16,1,0,132,13,0,,,124,1464,0,0,336,24,5017,0,8,124,0,0,0,366,0
179446,"_Z21fdk_ts_back1_kernel_2PfS_iiiffPKhhiiffPKf",4459.68,4473,1,240,16,8,8,8,0,96,13,0,,,737428,409560,0,0,51945,1864,529837,0,480,724340,8739,4349,204780,0,0
183955,"memcopy",142.98,150,,,,,,,,,,,179200,0,,,,,,,,,,,,,,,
184117,"_Z19fdk_ts_back1_kernelPfS_iiiffffffPKhhffiiiffffPKff",16.61,29,1,8,8,16,16,1,0,132,13,0,,,124,1464,0,0,310,22,4616,0,8,124,0,0,0,366,0
184190,"_Z21fdk_ts_back1_kernel_2PfS_iiiffPKhhiiffPKf",4461.76,4475,1,240,16,8,8,8,0,96,13,0,,,731767,411972,0,0,53522,1884,538334,0,480,718386,8972,4409,205986,0,0
188700,"memcopy",142.98,149,,,,,,,,,,,179200,0,,,,,,,,,,,,,,,
188861,"_Z19fdk_ts_back1_kernelPfS_iiiffffffPKhhffiiiffffPKff",16.54,30,1,8,8,16,16,1,0,132,13,0,,,124,1464,0,0,224,16,3389,0,8,124,0,0,0,366,0
188933,"_Z21fdk_ts_back1_kernel_2PfS_iiiffPKhhiiffPKf",4429.25,4443,1,240,16,8,8,8,0,96,13,0,,,724715,414612,0,0,51436,1864,526422,0,480,710936,9173,4606,207306,0,0
193412,"memcopy",142.66,148,,,,,,,,,,,179200,0,,,,,,,,,,,,,,,
193570,"_Z19fdk_ts_back1_kernelPfS_iiiffffffPKhhffiiiffffPKff",16.48,30,1,8,8,16,16,1,0,132,13,0,,,124,1464,0,0,336,24,5011,0,8,124,0,0,0,366,0
193643,"_Z21fdk_ts_back1_kernel_2PfS_iiiffPKhhiiffPKf",4440.54,4454,1,240,16,8,8,8,0,96,13,0,,,718113,417280,0,0,52110,1866,535430,0,480,703886,9460,4767,208640,0,0
198132,"memcopy",142.88,147,,,,,,,,,,,179200,0,,,,,,,,,,,,,,,
198290,"_Z19fdk_ts_back1_kernelPfS_iiiffffffPKhhffiiiffffPKff",16.48,29,1,8,8,16,16,1,0,132,13,0,,,124,1464,0,0,310,22,4617,0,8,124,0,0,0,366,0
198362,"_Z21fdk_ts_back1_kernel_2PfS_iiiffPKhhiiffPKf",4431.14,4445,1,240,16,8,8,8,0,96,13,0,,,713722,419948,0,0,53692,1876,544142,0,480,698966,9814,4942,209974,0,0
202843,"memcopy",142.85,146,,,,,,,,,,,179200,0,,,,,,,,,,,,,,,
203000,"_Z19fdk_ts_back1_kernelPfS_iiiffffffPKhhffiiiffffPKff",16.45,29,1,8,8,16,16,1,0,132,13,0,,,124,1464,0,0,224,16,3374,0,8,124,0,0,0,366,0
203072,"_Z21fdk_ts_back1_kernel_2PfS_iiiffPKhhiiffPKf",4388.7,4402,1,240,16,8,8,8,0,96,13,0,,,709814,423092,0,0,51604,1832,532140,0,480,695074,9796,4944,211546,0,0
207511,"memcopy",143.04,150,,,,,,,,,,,179200,0,,,,,,,,,,,,,,,
207672,"_Z19fdk_ts_back1_kernelPfS_iiiffffffPKhhffiiiffffPKff",16.61,30,1,8,8,16,16,1,0,132,13,0,,,124,1464,0,0,336,24,5010,0,8,124,0,0,0,366,0
207744,"_Z21fdk_ts_back1_kernel_2PfS_iiiffPKhhiiffPKf",4393.82,4407,1,240,16,8,8,8,0,96,13,0,,,704361,425316,0,0,52276,1867,541065,0,480,689312,10003,5046,212658,0,0
212189,"memcopy",143.36,150,,,,,,,,,,,179200,0,,,,,,,,,,,,,,,
212350,"_Z19fdk_ts_back1_kernelPfS_iiiffffffPKhhffiiiffffPKff",16.58,30,1,8,8,16,16,1,0,132,13,0,,,124,1464,0,0,310,22,4618,0,8,124,0,0,0,366,0
212423,"_Z21fdk_ts_back1_kernel_2PfS_iiiffPKhhiiffPKf",4307.68,4320,1,240,16,8,8,8,0,96,13,0,,,697763,429228,0,0,53866,1834,550193,0,480,682270,10299,5194,214614,0,0
216780,"memcopy",143.1,146,,,,,,,,,,,179200,0,,,,,,,,,,,,,,,
216938,"_Z19fdk_ts_back1_kernelPfS_iiiffffffPKhhffiiiffffPKff",16.45,29,1,8,8,16,16,1,0,132,13,0,,,124,1464,0,0,224,16,3387,0,8,124,0,0,0,366,0
217009,"_Z21fdk_ts_back1_kernel_2PfS_iiiffPKhhiiffPKf",4318.27,4331,1,240,16,8,8,8,0,96,13,0,,,687134,429780,0,0,51771,1832,537817,0,480,671462,10422,5250,214890,0,0
221377,"memcopy",143.07,151,,,,,,,,,,,179200,0,,,,,,,,,,,,,,,
221538,"_Z19fdk_ts_back1_kernelPfS_iiiffffffPKhhffiiiffffPKff",16.45,29,1,8,8,16,16,1,0,132,13,0,,,124,1464,0,0,336,24,5010,0,8,124,0,0,0,366,0
221612,"_Z21fdk_ts_back1_kernel_2PfS_iiiffPKhhiiffPKf",4300.32,4314,1,240,16,8,8,8,0,96,13,0,,,675668,430340,0,0,52287,1834,541615,0,480,660118,10362,5188,215170,0,0
225962,"memcopy",143.3,152,,,,,,,,,,,179200,0,,,,,,,,,,,,,,,
226126,"_Z19fdk_ts_back1_kernelPfS_iiiffffffPKhhffiiiffffPKff",16.58,30,1,8,8,16,16,1,0,132,13,0,,,124,1464,0,0,310,22,4618,0,8,124,0,0,0,366,0
226198,"_Z21fdk_ts_back1_kernel_2PfS_iiiffPKhhiiffPKf",4189.79,4202,1,240,16,8,8,8,0,96,13,0,,,666835,430956,0,0,53872,1818,550487,0,480,651558,10190,5087,215478,0,0
230436,"memcopy",143.33,150,,,,,,,,,,,179200,0,,,,,,,,,,,,,,,
230597,"_Z19fdk_ts_back1_kernelPfS_iiiffffffPKhhffiiiffffPKff",16.45,29,1,8,8,16,16,1,0,132,13,0,,,124,1464,0,0,224,16,3378,0,8,124,0,0,0,366,0
230669,"_Z21fdk_ts_back1_kernel_2PfS_iiiffPKhhiiffPKf",4209.98,4223,1,240,16,8,8,8,0,96,13,0,,,656499,431492,0,0,51781,1837,538324,0,480,640842,10468,5189,215746,0,0
234928,"memcopy",143.3,149,,,,,,,,,,,179200,0,,,,,,,,,,,,,,,
235088,"_Z19fdk_ts_back1_kernelPfS_iiiffffffPKhhffiiiffffPKff",16.58,30,1,8,8,16,16,1,0,132,13,0,,,124,1464,0,0,336,24,5011,0,8,124,0,0,0,366,0
235161,"_Z21fdk_ts_back1_kernel_2PfS_iiiffPKhhiiffPKf",4119.74,4134,1,240,16,8,8,8,0,96,13,0,,,648709,432080,0,0,52299,1839,542217,0,480,632730,10652,5327,216040,0,0
239330,"memcopy",143.01,146,,,,,,,,,,,179200,0,,,,,,,,,,,,,,,
239487,"_Z19fdk_ts_back1_kernelPfS_iiiffffffPKhhffiiiffffPKff",16.51,29,1,8,8,16,16,1,0,132,13,0,,,124,1464,0,0,310,22,4628,0,8,124,0,0,0,366,0
239560,"_Z21fdk_ts_back1_kernel_2PfS_iiiffPKhhiiffPKf",4156.99,4170,1,240,16,8,8,8,0,96,13,0,,,638160,432680,0,0,53872,1806,550522,0,480,621938,10830,5392,216340,0,0
243766,"memcopy",143.04,149,,,,,,,,,,,179200,0,,,,,,,,,,,,,,,
243926,"_Z19fdk_ts_back1_kernelPfS_iiiffffffPKhhffiiiffffPKff",16.42,29,1,8,8,16,16,1,0,132,13,0,,,124,1464,0,0,224,16,3383,0,8,124,0,0,0,366,0
243998,"_Z21fdk_ts_back1_kernel_2PfS_iiiffPKhhiiffPKf",4097.28,4110,1,240,16,8,8,8,0,96,13,0,,,632932,433264,0,0,51795,1841,539063,0,480,616742,10798,5392,216632,0,0
248145,"memcopy",143.01,145,,,,,,,,,,,179200,0,,,,,,,,,,,,,,,
248302,"_Z19fdk_ts_back1_kernelPfS_iiiffffffPKhhffiiiffffPKff",16.51,30,1,8,8,16,16,1,0,132,13,0,,,124,1464,0,0,336,24,5011,0,8,124,0,0,0,366,0
248374,"_Z21fdk_ts_back1_kernel_2PfS_iiiffPKhhiiffPKf",4046.62,4060,1,240,16,8,8,8,0,96,13,0,,,627306,433836,0,0,52312,1842,542904,0,480,610886,10948,5472,216918,0,0
252470,"memcopy",142.98,149,,,,,,,,,,,179200,0,,,,,,,,,,,,,,,
252631,"_Z19fdk_ts_back1_kernelPfS_iiiffffffPKhhffiiiffffPKff",16.42,29,1,8,8,16,16,1,0,132,13,0,,,124,1464,0,0,310,22,4617,0,8,124,0,0,0,366,0
252704,"_Z21fdk_ts_back1_kernel_2PfS_iiiffPKhhiiffPKf",4045.15,4059,1,240,16,8,8,8,0,96,13,0,,,621423,434464,0,0,53872,1800,550490,0,480,604656,11204,5563,217232,0,0
256798,"memcopy",143.04,148,,,,,,,,,,,179200,0,,,,,,,,,,,,,,,
256957,"_Z19fdk_ts_back1_kernelPfS_iiiffffffPKhhffiiiffffPKff",16.42,30,1,8,8,16,16,1,0,132,13,0,,,124,1464,0,0,224,16,3376,0,8,124,0,0,0,366,0
257029,"_Z21fdk_ts_back1_kernel_2PfS_iiiffPKhhiiffPKf",3920.48,3934,1,240,16,8,8,8,0,96,13,0,,,613582,435056,0,0,51808,1840,539699,0,480,596982,11088,5512,217528,0,0
260999,"memcopy",143.07,149,,,,,,,,,,,179200,0,,,,,,,,,,,,,,,
261158,"_Z19fdk_ts_back1_kernelPfS_iiiffffffPKhhffiiiffffPKff",16.45,30,1,8,8,16,16,1,0,132,13,0,,,124,1464,0,0,336,24,5011,0,8,124,0,0,0,366,0
261230,"_Z21fdk_ts_back1_kernel_2PfS_iiiffPKhhiiffPKf",4020.1,4033,1,240,16,8,8,8,0,96,13,0,,,605570,435700,0,0,52324,1838,543514,0,480,588572,11311,5687,217850,0,0
265300,"memcopy",143.04,147,,,,,,,,,,,179200,0,,,,,,,,,,,,,,,
265457,"_Z19fdk_ts_back1_kernelPfS_iiiffffffPKhhffiiiffffPKff",16.45,29,1,8,8,16,16,1,0,132,13,0,,,124,1464,0,0,310,22,4618,0,8,124,0,0,0,366,0
265529,"_Z21fdk_ts_back1_kernel_2PfS_iiiffPKhhiiffPKf",4021.66,4035,1,240,16,8,8,8,0,96,13,0,,,602263,436248,0,0,53872,1800,550497,0,480,585168,11366,5729,218124,0,0
269601,"memcopy",142.69,147,,,,,,,,,,,179200,0,,,,,,,,,,,,,,,
269760,"_Z19fdk_ts_back1_kernelPfS_iiiffffffPKhhffiiiffffPKff",16.35,30,1,8,8,16,16,1,0,132,13,0,,,124,1464,0,0,224,16,3388,0,8,124,0,0,0,366,0
269831,"_Z21fdk_ts_back1_kernel_2PfS_iiiffPKhhiiffPKf",3955.62,3968.02,1,240,16,8,8,8,0,96,13,0,,,598539,436820,0,0,51819,1835,540270,0,480,581338,11477,5724,218410,0,0
273835,"memcopy",142.53,150,,,,,,,,,,,179200,0,,,,,,,,,,,,,,,
273996,"_Z19fdk_ts_back1_kernelPfS_iiiffffffPKhhffiiiffffPKff",16.35,29,1,8,8,16,16,1,0,132,13,0,,,124,1464,0,0,336,24,5010,0,8,124,0,0,0,366,0
274069,"_Z21fdk_ts_back1_kernel_2PfS_iiiffPKhhiiffPKf",3886.43,3900,1,240,16,8,8,8,0,96,13,0,,,596677,437364,0,0,52334,1831,544011,0,480,579362,11548,5767,218682,0,0
278004,"memcopy",142.53,146,,,,,,,,,,,179200,0,,,,,,,,,,,,,,,
278161,"_Z19fdk_ts_back1_kernelPfS_iiiffffffPKhhffiiiffffPKff",16.54,30,1,8,8,16,16,1,0,132,13,0,,,124,1464,0,0,310,22,4616,0,8,124,0,0,0,366,0
278233,"_Z21fdk_ts_back1_kernel_2PfS_iiiffPKhhiiffPKf",3856.51,3870,1,240,16,8,8,8,0,96,13,0,,,597145,437884,0,0,53872,1800,550484,0,480,579980,11444,5721,218942,0,0
282139,"memcopy",142.66,147,,,,,,,,,,,179200,0,,,,,,,,,,,,,,,
282297,"_Z19fdk_ts_back1_kernelPfS_iiiffffffPKhhffiiiffffPKff",16.51,29,1,8,8,16,16,1,0,132,13,0,,,124,1464,0,0,224,16,3384,0,8,124,0,0,0,366,0
282369,"_Z21fdk_ts_back1_kernel_2PfS_iiiffPKhhiiffPKf",3872.22,3885,1,240,16,8,8,8,0,96,13,0,,,590979,438328,0,0,51824,1823,540520,0,480,573320,11793,5866,219164,0,0
286291,"memcopy",142.98,150,,,,,,,,,,,179200,0,,,,,,,,,,,,,,,
286453,"_Z19fdk_ts_back1_kernelPfS_iiiffffffPKhhffiiiffffPKff",16.38,30,1,8,8,16,16,1,0,132,13,0,,,124,1464,0,0,336,24,5012,0,8,124,0,0,0,366,0
286526,"_Z21fdk_ts_back1_kernel_2PfS_iiiffPKhhiiffPKf",3892.83,3907,1,240,16,8,8,8,0,96,13,0,,,592142,438676,0,0,52336,1816,544127,0,480,574546,11716,5880,219338,0,0
290469,"memcopy",143.01,147,,,,,,,,,,,179200,0,,,,,,,,,,,,,,,
290626,"_Z19fdk_ts_back1_kernelPfS_iiiffffffPKhhffiiiffffPKff",16.54,30,1,8,8,16,16,1,0,132,13,0,,,124,1464,0,0,310,22,4617,0,8,124,0,0,0,366,0
290698,"_Z21fdk_ts_back1_kernel_2PfS_iiiffPKhhiiffPKf",3920.61,3934,1,240,16,8,8,8,0,96,13,0,,,588631,438948,0,0,53872,1800,550512,0,480,570744,11906,5981,219474,0,0
294668,"memcopy",143.07,150,,,,,,,,,,,179200,0,,,,,,,,,,,,,,,
294829,"_Z19fdk_ts_back1_kernelPfS_iiiffffffPKhhffiiiffffPKff",16.48,30,1,8,8,16,16,1,0,132,13,0,,,124,1464,0,0,224,16,3392,0,8,124,0,0,0,366,0
294902,"_Z21fdk_ts_back1_kernel_2PfS_iiiffPKhhiiffPKf",3896.03,3909,1,240,16,8,8,8,0,96,13,0,,,589169,439124,0,0,51824,1805,540531,0,480,571724,11638,5807,219562,0,0
298847,"memcopy",143.04,146,,,,,,,,,,,179200,0,,,,,,,,,,,,,,,
299003,"_Z19fdk_ts_back1_kernelPfS_iiiffffffPKhhffiiiffffPKff",16.42,30,1,8,8,16,16,1,0,132,13,0,,,124,1464,0,0,336,24,5011,0,8,124,0,0,0,366,0
299075,"_Z21fdk_ts_back1_kernel_2PfS_iiiffPKhhiiffPKf",3791.52,3805,1,240,16,8,8,8,0,96,13,0,,,586014,439200,0,0,52336,1800,544103,0,480,568372,11788,5854,219600,0,0
302917,"memcopy",142.69,147,,,,,,,,,,,179200,0,,,,,,,,,,,,,,,
303075,"_Z19fdk_ts_back1_kernelPfS_iiiffffffPKhhffiiiffffPKff",16.38,30,1,8,8,16,16,1,0,132,13,0,,,124,1464,0,0,310,22,4617,0,8,124,0,0,0,366,0
303147,"_Z21fdk_ts_back1_kernel_2PfS_iiiffPKhhiiffPKf",3915.71,3930,1,240,16,8,8,8,0,96,13,0,,,590290,439200,0,0,53872,1800,550482,0,480,572836,11672,5782,219600,0,0
307112,"memcopy",143.01,150,,,,,,,,,,,179200,0,,,,,,,,,,,,,,,
307273,"_Z19fdk_ts_back1_kernelPfS_iiiffffffPKhhffiiiffffPKff",16.42,29,1,8,8,16,16,1,0,132,13,0,,,124,1464,0,0,224,16,3389,0,8,124,0,0,0,366,0
307345,"_Z21fdk_ts_back1_kernel_2PfS_iiiffPKhhiiffPKf",3904.32,3917,1,240,16,8,8,8,0,96,13,0,,,587861,439124,0,0,51824,1805,540515,0,480,570084,11858,5919,219562,0,0
311299,"memcopy",143.3,149,,,,,,,,,,,179200,0,,,,,,,,,,,,,,,
311459,"_Z19fdk_ts_back1_kernelPfS_iiiffffffPKhhffiiiffffPKff",16.54,30,1,8,8,16,16,1,0,132,13,0,,,124,1464,0,0,336,24,5011,0,8,124,0,0,0,366,0
311532,"_Z21fdk_ts_back1_kernel_2PfS_iiiffPKhhiiffPKf",3947.3,3960,1,240,16,8,8,8,0,96,13,0,,,591496,438948,0,0,52336,1811,544122,0,480,573802,11806,5888,219474,0,0
315530,"memcopy",142.98,148,,,,,,,,,,,179200,0,,,,,,,,,,,,,,,
315689,"_Z19fdk_ts_back1_kernelPfS_iiiffffffPKhhffiiiffffPKff",16.51,30,1,8,8,16,16,1,0,132,13,0,,,124,1464,0,0,310,22,4616,0,8,124,0,0,0,366,0
315761,"_Z21fdk_ts_back1_kernel_2PfS_iiiffPKhhiiffPKf",3866.69,3880,1,240,16,8,8,8,0,96,13,0,,,590748,438676,0,0,53872,1800,550501,0,480,573190,11712,5846,219338,0,0
319677,"memcopy",143.01,149,,,,,,,,,,,179200,0,,,,,,,,,,,,,,,
319836,"_Z19fdk_ts_back1_kernelPfS_iiiffffffPKhhffiiiffffPKff",16.51,29,1,8,8,16,16,1,0,132,13,0,,,124,1464,0,0,224,16,3382,0,8,124,0,0,0,366,0
319908,"_Z21fdk_ts_back1_kernel_2PfS_iiiffPKhhiiffPKf",3830.85,3843,1,240,16,8,8,8,0,96,13,0,,,591370,438328,0,0,51824,1823,540538,0,480,573764,11742,5864,219164,0,0
323788,"memcopy",143.36,149,,,,,,,,,,,179200,0,,,,,,,,,,,,,,,
323948,"_Z19fdk_ts_back1_kernelPfS_iiiffffffPKhhffiiiffffPKff",16.42,30,1,8,8,16,16,1,0,132,13,0,,,124,1464,0,0,336,24,5010,0,8,124,0,0,0,366,0
324020,"_Z21fdk_ts_back1_kernel_2PfS_iiiffPKhhiiffPKf",3884.93,3899,1,240,16,8,8,8,0,96,13,0,,,592445,437884,0,0,52336,1828,544115,0,480,574936,11674,5835,218942,0,0
327955,"memcopy",143.36,148,,,,,,,,,,,179200,0,,,,,,,,,,,,,,,
328115,"_Z19fdk_ts_back1_kernelPfS_iiiffffffPKhhffiiiffffPKff",16.58,30,1,8,8,16,16,1,0,132,13,0,,,124,1464,0,0,310,22,4618,0,8,124,0,0,0,366,0
328187,"_Z21fdk_ts_back1_kernel_2PfS_iiiffPKhhiiffPKf",3984.03,3997,1,240,16,8,8,8,0,96,13,0,,,597115,437364,0,0,53872,1800,550485,0,480,579802,11522,5791,218682,0,0
332221,"memcopy",143.01,145,,,,,,,,,,,179200,0,,,,,,,,,,,,,,,
332377,"_Z19fdk_ts_back1_kernelPfS_iiiffffffPKhhffiiiffffPKff",16.61,30,1,8,8,16,16,1,0,132,13,0,,,124,1464,0,0,224,16,3382,0,8,124,0,0,0,366,0
332449,"_Z21fdk_ts_back1_kernel_2PfS_iiiffPKhhiiffPKf",3974.78,3988,1,240,16,8,8,8,0,96,13,0,,,600921,436820,0,0,51819,1835,540261,0,480,583840,11396,5685,218410,0,0
336474,"memcopy",142.72,146,,,,,,,,,,,179200,0,,,,,,,,,,,,,,,
336630,"_Z19fdk_ts_back1_kernelPfS_iiiffffffPKhhffiiiffffPKff",16.54,29,1,8,8,16,16,1,0,132,13,0,,,124,1464,0,0,336,24,5010,0,8,124,0,0,0,366,0
336703,"_Z21fdk_ts_back1_kernel_2PfS_iiiffPKhhiiffPKf",3924.1,3937,1,240,16,8,8,8,0,96,13,0,,,604711,436248,0,0,52328,1837,543711,0,480,587604,11412,5695,218124,0,0
340676,"memcopy",142.85,146,,,,,,,,,,,179200,0,,,,,,,,,,,,,,,
340833,"_Z19fdk_ts_back1_kernelPfS_iiiffffffPKhhffiiiffffPKff",16.38,29,1,8,8,16,16,1,0,132,13,0,,,124,1464,0,0,310,22,4617,0,8,124,0,0,0,366,0
340905,"_Z21fdk_ts_back1_kernel_2PfS_iiiffPKhhiiffPKf",4004.77,4018,1,240,16,8,8,8,0,96,13,0,,,610828,435700,0,0,53872,1800,550500,0,480,593864,11287,5677,217850,0,0
344959,"memcopy",143.14,148,,,,,,,,,,,179200,0,,,,,,,,,,,,,,,
345118,"_Z19fdk_ts_back1_kernelPfS_iiiffffffPKhhffiiiffffPKff",16.58,30,1,8,8,16,16,1,0,132,13,0,,,124,1464,0,0,224,16,3380,0,8,124,0,0,0,366,0
345191,"_Z21fdk_ts_back1_kernel_2PfS_iiiffPKhhiiffPKf",3963.97,3977,1,240,16,8,8,8,0,96,13,0,,,614199,435056,0,0,51808,1840,539708,0,480,597232,11296,5671,217528,0,0
349209,"memcopy",143.01,147,,,,,,,,,,,179200,0,,,,,,,,,,,,,,,
349367,"_Z19fdk_ts_back1_kernelPfS_iiiffffffPKhhffiiiffffPKff",16.48,30,1,8,8,16,16,1,0,132,13,0,,,124,1464,0,0,336,24,5011,0,8,124,0,0,0,366,0
349440,"_Z21fdk_ts_back1_kernel_2PfS_iiiffPKhhiiffPKf",3938.37,3952,1,240,16,8,8,8,0,96,13,0,,,618874,434464,0,0,52316,1841,543085,0,480,602246,11092,5536,217232,0,0
353428,"memcopy",143.14,150,,,,,,,,,,,179200,0,,,,,,,,,,,,,,,
353588,"_Z19fdk_ts_back1_kernelPfS_iiiffffffPKhhffiiiffffPKff",16.51,30,1,8,8,16,16,1,0,132,13,0,,,124,1464,0,0,310,22,4617,0,8,124,0,0,0,366,0
353662,"_Z21fdk_ts_back1_kernel_2PfS_iiiffPKhhiiffPKf",4015.78,4027,1,240,16,8,8,8,0,96,13,0,,,624059,433836,0,0,53872,1800,550482,0,480,607396,11102,5561,216918,0,0
357726,"memcopy",143.1,147,,,,,,,,,,,179200,0,,,,,,,,,,,,,,,
357885,"_Z19fdk_ts_back1_kernelPfS_iiiffffffPKhhffiiiffffPKff",16.48,29,1,8,8,16,16,1,0,132,13,0,,,124,1464,0,0,224,16,3379,0,8,124,0,0,0,366,0
357957,"_Z21fdk_ts_back1_kernel_2PfS_iiiffPKhhiiffPKf",4050.08,4064,1,240,16,8,8,8,0,96,13,0,,,632089,433264,0,0,51795,1841,539038,0,480,615684,10924,5481,216632,0,0
362057,"memcopy",142.98,150,,,,,,,,,,,179200,0,,,,,,,,,,,,,,,
362218,"_Z19fdk_ts_back1_kernelPfS_iiiffffffPKhhffiiiffffPKff",16.48,30,1,8,8,16,16,1,0,132,13,0,,,124,1464,0,0,336,24,5012,0,8,124,0,0,0,366,0
362291,"_Z21fdk_ts_back1_kernel_2PfS_iiiffPKhhiiffPKf",4155.94,4169,1,240,16,8,8,8,0,96,13,0,,,638604,432680,0,0,52303,1839,542437,0,480,622278,10884,5442,216340,0,0
366496,"memcopy",143.01,146,,,,,,,,,,,179200,0,,,,,,,,,,,,,,,
366654,"_Z19fdk_ts_back1_kernelPfS_iiiffffffPKhhffiiiffffPKff",16.42,29,1,8,8,16,16,1,0,132,13,0,,,124,1464,0,0,310,22,4618,0,8,124,0,0,0,366,0
366725,"_Z21fdk_ts_back1_kernel_2PfS_iiiffPKhhiiffPKf",4128.13,4141,1,240,16,8,8,8,0,96,13,0,,,649659,432080,0,0,53872,1810,550508,0,480,633962,10434,5263,216040,0,0
370903,"memcopy",143.01,148,,,,,,,,,,,179200,0,,,,,,,,,,,,,,,
371062,"_Z19fdk_ts_back1_kernelPfS_iiiffffffPKhhffiiiffffPKff",16.38,30,1,8,8,16,16,1,0,132,13,0,,,124,1464,0,0,224,16,3376,0,8,124,0,0,0,366,0
371134,"_Z21fdk_ts_back1_kernel_2PfS_iiiffPKhhiiffPKf",4168.06,4181,1,240,16,8,8,8,0,96,13,0,,,659268,431492,0,0,51781,1837,538324,0,480,643640,10418,5210,215746,0,0
375352,"memcopy",143.3,150,,,,,,,,,,,179200,0,,,,,,,,,,,,,,,
375512,"_Z19fdk_ts_back1_kernelPfS_iiiffffffPKhhffiiiffffPKff",16.58,30,1,8,8,16,16,1,0,132,13,0,,,124,1464,0,0,336,24,5011,0,8,124,0,0,0,366,0
375586,"_Z21fdk_ts_back1_kernel_2PfS_iiiffPKhhiiffPKf",4114.69,4128,1,240,16,8,8,8,0,96,13,0,,,665864,430956,0,0,52290,1835,541783,0,480,650108,10508,5248,215478,0,0
379752,"memcopy",142.94,146,,,,,,,,,,,179200,0,,,,,,,,,,,,,,,
379909,"_Z19fdk_ts_back1_kernelPfS_iiiffffffPKhhffiiiffffPKff",16.54,30,1,8,8,16,16,1,0,132,13,0,,,124,1464,0,0,310,22,4618,0,8,124,0,0,0,366,0
379981,"_Z21fdk_ts_back1_kernel_2PfS_iiiffPKhhiiffPKf",4234.82,4248,1,240,16,8,8,8,0,96,13,0,,,675308,430340,0,0,53870,1824,550383,0,480,659642,10468,5198,215170,0,0
384265,"memcopy",142.53,149,,,,,,,,,,,179200,0,,,,,,,,,,,,,,,
384425,"_Z19fdk_ts_back1_kernelPfS_iiiffffffPKhhffiiiffffPKff",16.54,29,1,8,8,16,16,1,0,132,13,0,,,124,1464,0,0,224,16,3374,0,8,124,0,0,0,366,0
384498,"_Z21fdk_ts_back1_kernel_2PfS_iiiffPKhhiiffPKf",4203.14,4217,1,240,16,8,8,8,0,96,13,0,,,686564,429780,0,0,51771,1832,537813,0,480,671182,10276,5106,214890,0,0
388751,"memcopy",142.56,147,,,,,,,,,,,179200,0,,,,,,,,,,,,,,,
388908,"_Z19fdk_ts_back1_kernelPfS_iiiffffffPKhhffiiiffffPKff",16.42,29,1,8,8,16,16,1,0,132,13,0,,,124,1464,0,0,336,24,5011,0,8,124,0,0,0,366,0
388980,"_Z21fdk_ts_back1_kernel_2PfS_iiiffPKhhiiffPKf",4310.37,4323,1,240,16,8,8,8,0,96,13,0,,,695991,429228,0,0,52280,1829,541272,0,480,680698,10181,5112,214614,0,0
393340,"memcopy",142.69,146,,,,,,,,,,,179200,0,,,,,,,,,,,,,,,
393497,"_Z19fdk_ts_back1_kernelPfS_iiiffffffPKhhffiiiffffPKff",16.48,30,1,8,8,16,16,1,0,132,13,0,,,124,1464,0,0,310,22,4617,0,8,124,0,0,0,366,0
393570,"_Z21fdk_ts_back1_kernel_2PfS_iiiffPKhhiiffPKf",4305.18,4318,1,240,16,8,8,8,0,96,13,0,,,701544,428676,0,0,53860,1830,549888,0,480,686142,10287,5115,214338,0,0
397924,"memcopy",142.98,150,,,,,,,,,,,179200,0,,,,,,,,,,,,,,,
398085,"_Z19fdk_ts_back1_kernelPfS_iiiffffffPKhhffiiiffffPKff",16.54,30,1,8,8,16,16,1,0,132,13,0,,,124,1464,0,0,224,16,3376,0,8,124,0,0,0,366,0
398157,"_Z21fdk_ts_back1_kernel_2PfS_iiiffPKhhiiffPKf",4374.18,4386,1,240,16,8,8,8,0,96,13,0,,,709793,426212,0,0,51764,1872,537465,0,480,694732,10038,5023,213106,0,0
402580,"memcopy",143.3,152,,,,,,,,,,,179200,0,,,,,,,,,,,,,,,
403931,"_Z19fdk_ts_back1_kernelPfS_iiiffffffPKhhffiiiffffPKff",16.45,30,1,8,8,16,16,1,0,132,13,0,,,124,1464,0,0,336,24,5012,0,8,124,0,0,0,366,0
404008,"_Z21fdk_ts_back1_kernel_2PfS_iiiffPKhhiiffPKf",4337.09,4351,1,240,16,8,8,8,0,96,13,0,,,717949,423308,0,0,52274,1870,540945,0,480,703568,9592,4789,211654,0,0
408395,"memcopy",142.94,147,,,,,,,,,,,179200,0,,,,,,,,,,,,,,,
408552,"_Z19fdk_ts_back1_kernelPfS_iiiffffffPKhhffiiiffffPKff",16.51,30,1,8,8,16,16,1,0,132,13,0,,,124,1464,0,0,310,22,4616,0,8,124,0,0,0,366,0
408625,"_Z21fdk_ts_back1_kernel_2PfS_iiiffPKhhiiffPKf",4436.42,4450,1,240,16,8,8,8,0,96,13,0,,,729153,420400,0,0,53692,1880,544144,0,480,714874,9514,4765,210200,0,0
413112,"memcopy",142.94,149,,,,,,,,,,,179200,0,,,,,,,,,,,,,,,
413271,"_Z19fdk_ts_back1_kernelPfS_iiiffffffPKhhffiiiffffPKff",16.54,29,1,8,8,16,16,1,0,132,13,0,,,124,1464,0,0,224,16,3377,0,8,124,0,0,0,366,0
413344,"_Z21fdk_ts_back1_kernel_2PfS_iiiffPKhhiiffPKf",4460.58,4474,1,240,16,8,8,8,0,96,13,0,,,730607,417732,0,0,51596,1864,531734,0,480,716876,9119,4612,208866,0,0
417854,"memcopy",143.39,149,,,,,,,,,,,179200,0,,,,,,,,,,,,,,,
418014,"_Z19fdk_ts_back1_kernelPfS_iiiffffffPKhhffiiiffffPKff",16.42,30,1,8,8,16,16,1,0,132,13,0,,,124,1464,0,0,336,24,5011,0,8,124,0,0,0,366,0
418086,"_Z21fdk_ts_back1_kernel_2PfS_iiiffPKhhiiffPKf",4473.12,4486,1,240,16,8,8,8,0,96,13,0,,,738953,415092,0,0,52107,1864,535281,0,480,725534,8936,4483,207546,0,0
422609,"memcopy",143.52,149,,,,,,,,,,,179200,0,,,,,,,,,,,,,,,
422769,"_Z19fdk_ts_back1_kernelPfS_iiiffffffPKhhffiiiffffPKff",16.48,29,1,8,8,16,16,1,0,132,13,0,,,124,1464,0,0,310,22,4618,0,8,124,0,0,0,366,0
422841,"_Z21fdk_ts_back1_kernel_2PfS_iiiffPKhhiiffPKf",4479.46,4492,1,240,16,8,8,8,0,96,13,0,,,737885,412680,0,0,53518,1844,538146,0,480,724676,8808,4401,206340,0,0
427370,"memcopy",143.46,149,,,,,,,,,,,179200,0,,,,,,,,,,,,,,,
427531,"_Z19fdk_ts_back1_kernelPfS_iiiffffffPKhhffiiiffffPKff",16.48,29,1,8,8,16,16,1,0,132,13,0,,,124,1464,0,0,224,16,3387,0,8,124,0,0,0,366,0
427604,"_Z21fdk_ts_back1_kernel_2PfS_iiiffPKhhiiffPKf",4511.04,4524,1,240,16,8,8,8,0,96,13,0,,,745723,410308,0,0,51432,1823,526216,0,480,732902,8554,4267,205154,0,0
432165,"memcopy",143.1,151,,,,,,,,,,,179200,0,,,,,,,,,,,,,,,
432326,"_Z19fdk_ts_back1_kernelPfS_iiiffffffPKhhffiiiffffPKff",16.38,29,1,8,8,16,16,1,0,132,13,0,,,124,1464,0,0,336,24,5010,0,8,124,0,0,0,366,0
432398,"_Z21fdk_ts_back1_kernel_2PfS_iiiffPKhhiiffPKf",4554.11,4568,1,240,16,8,8,8,0,96,13,0,,,749222,407680,0,0,51943,1825,529742,0,480,736818,8264,4140,203840,0,0
437003,"memcopy",143.07,149,,,,,,,,,,,179200,0,,,,,,,,,,,,,,,
437162,"_Z19fdk_ts_back1_kernelPfS_iiiffffffPKhhffiiiffffPKff",16.48,30,1,8,8,16,16,1,0,132,13,0,,,124,1464,0,0,310,22,4623,0,8,124,0,0,0,366,0
437235,"_Z21fdk_ts_back1_kernel_2PfS_iiiffPKhhiiffPKf",4552.77,4566,1,240,16,8,8,8,0,96,13,0,,,752746,405348,0,0,53502,1840,537298,0,480,740706,8009,4031,202674,0,0
441836,"memcopy",143.3,149,,,,,,,,,,,179200,0,,,,,,,,,,,,,,,
441997,"_Z19fdk_ts_back1_kernelPfS_iiiffffffPKhhffiiiffffPKff",16.48,30,1,8,8,16,16,1,0,132,13,0,,,124,1464,0,0,224,16,3398,0,8,124,0,0,0,366,0
442069,"_Z21fdk_ts_back1_kernel_2PfS_iiiffPKhhiiffPKf",4585.63,4599,1,240,16,8,8,8,0,96,13,0,,,758937,403156,0,0,51268,1785,520680,0,480,747412,7663,3862,201578,0,0
446704,"memcopy",143.04,146,,,,,,,,,,,179200,0,,,,,,,,,,,,,,,
446861,"_Z19fdk_ts_back1_kernelPfS_iiiffffffPKhhffiiiffffPKff",16.38,29,1,8,8,16,16,1,0,132,13,0,,,124,1464,0,0,336,24,5010,0,8,124,0,0,0,366,0
446933,"_Z21fdk_ts_back1_kernel_2PfS_iiiffPKhhiiffPKf",4611.97,4625,1,240,16,8,8,8,0,96,13,0,,,756842,400656,0,0,51780,1786,524270,0,480,745602,7488,3752,200328,0,0
451596,"memcopy",142.78,146,,,,,,,,,,,179200,0,,,,,,,,,,,,,,,
451754,"_Z19fdk_ts_back1_kernelPfS_iiiffffffPKhhffiiiffffPKff",16.51,30,1,8,8,16,16,1,0,132,13,0,,,124,1464,0,0,310,22,4621,0,8,124,0,0,0,366,0
451826,"_Z21fdk_ts_back1_kernel_2PfS_iiiffPKhhiiffPKf",4659.71,4673,1,240,16,8,8,8,0,96,13,0,,,764643,398576,0,0,53330,1798,531391,0,480,754006,7080,3557,199288,0,0
456537,"memcopy",142.72,147,,,,,,,,,,,179200,0,,,,,,,,,,,,,,,
456695,"_Z19fdk_ts_back1_kernelPfS_iiiffffffPKhhffiiiffffPKff",16.48,30,1,8,8,16,16,1,0,132,13,0,,,124,1464,0,0,224,16,3395,0,8,124,0,0,0,366,0
456768,"_Z21fdk_ts_back1_kernel_2PfS_iiiffPKhhiiffPKf",4658.88,4672,1,240,16,8,8,8,0,96,13,0,,,766298,396524,0,0,51265,1785,520539,0,480,756064,6846,3388,198262,0,0
461477,"memcopy",142.94,149,,,,,,,,,,,179200,0,,,,,,,,,,,,,,,
461638,"_Z19fdk_ts_back1_kernelPfS_iiiffffffPKhhffiiiffffPKff",16.54,30,1,8,8,16,16,1,0,132,13,0,,,124,1464,0,0,336,24,5012,0,8,124,0,0,0,366,0
461711,"_Z21fdk_ts_back1_kernel_2PfS_iiiffPKhhiiffPKf",4663.94,4678,1,240,16,8,8,8,0,96,13,0,,,771817,394228,0,0,51614,1743,518654,0,480,762026,6530,3261,197114,0,0
466425,"memcopy",143.46,149,,,,,,,,,,,179200,0,,,,,,,,,,,,,,,
466585,"_Z19fdk_ts_back1_kernelPfS_iiiffffffPKhhffiiiffffPKff",16.45,29,1,8,8,16,16,1,0,132,13,0,,,124,1464,0,0,310,22,4617,0,8,124,0,0,0,366,0
466658,"_Z21fdk_ts_back1_kernel_2PfS_iiiffPKhhiiffPKf",4711.58,4725,1,240,16,8,8,8,0,96,13,0,,,770066,392196,0,0,53158,1752,525431,0,480,760414,6442,3210,196098,0,0
471420,"memcopy",143.52,149,,,,,,,,,,,179200,0,,,,,,,,,,,,,,,
471579,"_Z19fdk_ts_back1_kernelPfS_iiiffffffPKhhffiiiffffPKff",16.54,30,1,8,8,16,16,1,0,132,13,0,,,124,1464,0,0,224,16,3384,0,8,124,0,0,0,366,0
471653,"_Z21fdk_ts_back1_kernel_2PfS_iiiffPKhhiiffPKf",4727.07,4741,1,240,16,8,8,8,0,96,13,0,,,775959,390184,0,0,51101,1745,515003,0,480,766750,6154,3055,195092,0,0
476431,"memcopy",143.42,151,,,,,,,,,,,179200,0,,,,,,,,,,,,,,,
476593,"_Z19fdk_ts_back1_kernelPfS_iiiffffffPKhhffiiiffffPKff",16.45,30,1,8,8,16,16,1,0,132,13,0,,,124,1464,0,0,336,24,5012,0,8,124,0,0,0,366,0
476666,"_Z21fdk_ts_back1_kernel_2PfS_iiiffPKhhiiffPKf",4690.91,4704,1,240,16,8,8,8,0,96,13,0,,,778418,388188,0,0,51610,1743,518461,0,480,769218,6154,3046,194094,0,0
481406,"memcopy",143.39,150,,,,,,,,,,,179200,0,,,,,,,,,,,,,,,
481566,"_Z19fdk_ts_back1_kernelPfS_iiiffffffPKhhffiiiffffPKff",16.54,30,1,8,8,16,16,1,0,132,13,0,,,124,1464,0,0,310,22,4617,0,8,124,0,0,0,366,0
481639,"_Z21fdk_ts_back1_kernel_2PfS_iiiffPKhhiiffPKf",4806.98,4820,1,240,16,8,8,8,0,96,13,0,,,780496,386432,0,0,52990,1710,519721,0,480,771526,5972,2998,193216,0,0
486495,"memcopy",143.3,149,,,,,,,,,,,179200,0,,,,,,,,,,,,,,,
486656,"_Z19fdk_ts_back1_kernelPfS_iiiffffffPKhhffiiiffffPKff",16.45,29,1,8,8,16,16,1,0,132,13,0,,,124,1464,0,0,224,16,3376,0,8,124,0,0,0,366,0
486728,"_Z21fdk_ts_back1_kernel_2PfS_iiiffPKhhiiffPKf",4784.48,4797,1,240,16,8,8,8,0,96,13,0,,,783610,384704,0,0,50935,1704,509382,0,480,774800,5868,2942,192352,0,0
491562,"memcopy",143.39,152,,,,,,,,,,,179200,0,,,,,,,,,,,,,,,
491724,"_Z19fdk_ts_back1_kernelPfS_iiiffffffPKhhffiiiffffPKff",16.58,30,1,8,8,16,16,1,0,132,13,0,,,124,1464,0,0,336,24,5012,0,8,124,0,0,0,366,0
491797,"_Z21fdk_ts_back1_kernel_2PfS_iiiffPKhhiiffPKf",4738.43,4752,1,240,16,8,8,8,0,96,13,0,,,787586,382988,0,0,51446,1743,512932,0,480,779064,5688,2834,191494,0,0
496586,"memcopy",143.1,145,,,,,,,,,,,179200,0,,,,,,,,,,,,,,,
496743,"_Z19fdk_ts_back1_kernelPfS_iiiffffffPKhhffiiiffffPKff",16.54,30,1,8,8,16,16,1,0,132,13,0,,,124,1464,0,0,310,22,4617,0,8,124,0,0,0,366,0
496816,"_Z21fdk_ts_back1_kernel_2PfS_iiiffPKhhiiffPKf",4790.05,4804,1,240,16,8,8,8,0,96,13,0,,,791223,381052,0,0,52984,1748,519396,0,480,783366,5240,2617,190526,0,0
501655,"memcopy",142.78,145,,,,,,,,,,,179200,0,,,,,,,,,,,,,,,
501811,"_Z19fdk_ts_back1_kernelPfS_iiiffffffPKhhffiiiffffPKff",16.58,29,1,8,8,16,16,1,0,132,13,0,,,124,1464,0,0,224,16,3376,0,8,124,0,0,0,366,0
501884,"_Z21fdk_ts_back1_kernel_2PfS_iiiffPKhhiiffPKf",4815.17,4829,1,240,16,8,8,8,0,96,13,0,,,798470,379604,0,0,50931,1744,509174,0,480,791248,4802,2420,189802,0,0
506749,"memcopy",142.78,146,,,,,,,,,,,179200,0,,,,,,,,,,,,,,,
506905,"_Z19fdk_ts_back1_kernelPfS_iiiffffffPKhhffiiiffffPKff",16.48,30,1,8,8,16,16,1,0,132,13,0,,,124,1464,0,0,336,24,5010,0,8,124,0,0,0,366,0
506978,"_Z21fdk_ts_back1_kernel_2PfS_iiiffPKhhiiffPKf",4773.86,4787,1,240,16,8,8,8,0,96,13,0,,,803215,377932,0,0,51283,1705,507467,0,480,796150,4690,2375,188966,0,0
511801,"memcopy",142.69,146,,,,,,,,,,,179200,0,,,,,,,,,,,,,,,
511958,"_Z19fdk_ts_back1_kernelPfS_iiiffffffPKhhffiiiffffPKff",16.67,31,1,8,8,16,16,1,0,132,13,0,,,124,1464,0,0,310,22,4616,0,8,124,0,0,0,366,0
512031,"_Z21fdk_ts_back1_kernel_2PfS_iiiffPKhhiiffPKf",4769.54,4783,1,240,16,8,8,8,0,96,13,0,,,807139,376508,0,0,52818,1746,513781,0,480,800496,4430,2213,188254,0,0
516850,"memcopy",142.69,146,,,,,,,,,,,179200,0,,,,,,,,,,,,,,,
517008,"_Z19fdk_ts_back1_kernelPfS_iiiffffffPKhhffiiiffffPKff",16.42,30,1,8,8,16,16,1,0,132,13,0,,,124,1464,0,0,224,16,3391,0,8,124,0,0,0,366,0
517081,"_Z21fdk_ts_back1_kernel_2PfS_iiiffPKhhiiffPKf",4758.62,4772,1,240,16,8,8,8,0,96,13,0,,,815707,374860,0,0,50767,1741,503657,0,480,809678,4024,2005,187430,0,0
521890,"memcopy",142.82,148,,,,,,,,,,,179200,0,,,,,,,,,,,,,,,
522049,"_Z19fdk_ts_back1_kernelPfS_iiiffffffPKhhffiiiffffPKff",16.61,30,1,8,8,16,16,1,0,132,13,0,,,124,1464,0,0,336,24,5010,0,8,124,0,0,0,366,0
522121,"_Z21fdk_ts_back1_kernel_2PfS_iiiffPKhhiiffPKf",4771.2,4783,1,240,16,8,8,8,0,96,13,0,,,819000,373448,0,0,51276,1745,507085,0,480,813322,3796,1882,186724,0,0
526941,"memcopy",142.85,146,,,,,,,,,,,179200,0,,,,,,,,,,,,,,,
527098,"_Z19fdk_ts_back1_kernelPfS_iiiffffffPKhhffiiiffffPKff",16.58,29,1,8,8,16,16,1,0,132,13,0,,,124,1464,0,0,310,22,4618,0,8,124,0,0,0,366,0
527171,"_Z21fdk_ts_back1_kernel_2PfS_iiiffPKhhiiffPKf",4719.87,4733,1,240,16,8,8,8,0,96,13,0,,,810272,371796,0,0,52811,1745,513411,0,480,804460,3864,1948,185898,0,0
531940,"memcopy",142.75,147,,,,,,,,,,,179200,0,,,,,,,,,,,,,,,
532097,"_Z19fdk_ts_back1_kernelPfS_iiiffffffPKhhffiiiffffPKff",16.54,30,1,8,8,16,16,1,0,132,13,0,,,124,1464,0,0,224,16,3392,0,8,124,0,0,0,366,0
532169,"_Z21fdk_ts_back1_kernel_2PfS_iiiffPKhhiiffPKf",4684.45,4698,1,240,16,8,8,8,0,96,13,0,,,803519,369940,0,0,50763,1740,503447,0,480,797592,3946,1981,184970,0,0
536904,"memcopy",142.75,149,,,,,,,,,,,179200,0,,,,,,,,,,,,,,,
537064,"_Z19fdk_ts_back1_kernelPfS_iiiffffffPKhhffiiiffffPKff",16.54,29,1,8,8,16,16,1,0,132,13,0,,,124,1464,0,0,336,24,5010,0,8,124,0,0,0,366,0
537136,"_Z21fdk_ts_back1_kernel_2PfS_iiiffPKhhiiffPKf",4719.3,4732,1,240,16,8,8,8,0,96,13,0,,,794295,369472,0,0,51269,1743,506746,0,480,788134,4100,2061,184736,0,0
541905,"memcopy",142.72,146,,,,,,,,,,,179200,0,,,,,,,,,,,,,,,
542062,"_Z19fdk_ts_back1_kernelPfS_iiiffffffPKhhffiiiffffPKff",16.64,30,1,8,8,16,16,1,0,132,13,0,,,124,1464,0,0,310,22,4617,0,8,124,0,0,0,366,0
542134,"_Z21fdk_ts_back1_kernel_2PfS_iiiffPKhhiiffPKf",4752.74,4766,1,240,16,8,8,8,0,96,13,0,,,778944,367804,0,0,52646,1705,507853,0,480,772450,4324,2170,183902,0,0
546936,"memcopy",143.04,149,,,,,,,,,,,179200,0,,,,,,,,,,,,,,,
547097,"_Z19fdk_ts_back1_kernelPfS_iiiffffffPKhhffiiiffffPKff",16.54,29,1,8,8,16,16,1,0,132,13,0,,,124,1464,0,0,224,16,3379,0,8,124,0,0,0,366,0
547169,"_Z21fdk_ts_back1_kernel_2PfS_iiiffPKhhiiffPKf",4708.16,4722,1,240,16,8,8,8,0,96,13,0,,,788253,366452,0,0,50601,1697,498045,0,480,782122,4076,2055,183226,0,0
551926,"memcopy",143.07,147,,,,,,,,,,,179200,0,,,,,,,,,,,,,,,
552084,"_Z19fdk_ts_back1_kernelPfS_iiiffffffPKhhffiiiffffPKff",16.61,30,1,8,8,16,16,1,0,132,13,0,,,124,1464,0,0,336,24,5012,0,8,124,0,0,0,366,0
552156,"_Z21fdk_ts_back1_kernel_2PfS_iiiffPKhhiiffPKf",4741.98,4755,1,240,16,8,8,8,0,96,13,0,,,765583,365084,0,0,51104,1703,501163,0,480,758702,4592,2289,182542,0,0
556948,"memcopy",143.04,148,,,,,,,,,,,179200,0,,,,,,,,,,,,,,,
557107,"_Z19fdk_ts_back1_kernelPfS_iiiffffffPKhhffiiiffffPKff",16.54,30,1,8,8,16,16,1,0,132,13,0,,,124,1464,0,0,310,22,4617,0,8,124,0,0,0,366,0
557180,"_Z21fdk_ts_back1_kernel_2PfS_iiiffPKhhiiffPKf",4707.04,4720,1,240,16,8,8,8,0,96,13,0,,,758549,364176,0,0,52639,1702,507486,0,480,751634,4596,2319,182088,0,0
561936,"memcopy",143.04,146,,,,,,,,,,,179200,0,,,,,,,,,,,,,,,
562093,"_Z19fdk_ts_back1_kernelPfS_iiiffffffPKhhffiiiffffPKff",16.54,30,1,8,8,16,16,1,0,132,13,0,,,124,1464,0,0,224,16,3420,0,8,124,0,0,0,366,0
562165,"_Z21fdk_ts_back1_kernel_2PfS_iiiffPKhhiiffPKf",4725.31,4738,1,240,16,8,8,8,0,96,13,0,,,750915,363032,0,0,50600,1697,497976,0,480,743842,4704,2369,181516,0,0
566940,"memcopy",142.75,146,,,,,,,,,,,179200,0,,,,,,,,,,,,,,,
567097,"_Z19fdk_ts_back1_kernelPfS_iiiffffffPKhhffiiiffffPKff",16.54,30,1,8,8,16,16,1,0,132,13,0,,,124,1464,0,0,336,24,5010,0,8,124,0,0,0,366,0
567169,"_Z21fdk_ts_back1_kernel_2PfS_iiiffPKhhiiffPKf",4716.99,4729,1,240,16,8,8,8,0,96,13,0,,,738607,361912,0,0,51095,1702,500704,0,480,730948,5122,2537,180956,0,0
571935,"memcopy",142.78,147,,,,,,,,,,,179200,0,,,,,,,,,,,,,,,
572093,"_Z19fdk_ts_back1_kernelPfS_iiiffffffPKhhffiiiffffPKff",16.7,30,1,8,8,16,16,1,0,132,13,0,,,124,1464,0,0,310,22,4620,0,8,124,0,0,0,366,0
572166,"_Z21fdk_ts_back1_kernel_2PfS_iiiffPKhhiiffPKf",4764.35,4778,1,240,16,8,8,8,0,96,13,0,,,729634,361204,0,0,52628,1702,506947,0,480,721632,5340,2662,180602,0,0
576980,"memcopy",142.98,151,,,,,,,,,,,179200,0,,,,,,,,,,,,,,,
577141,"_Z19fdk_ts_back1_kernelPfS_iiiffffffPKhhffiiiffffPKff",16.45,30,1,8,8,16,16,1,0,132,13,0,,,124,1464,0,0,224,16,3393,0,8,124,0,0,0,366,0
577213,"_Z21fdk_ts_back1_kernel_2PfS_iiiffPKhhiiffPKf",4713.09,4726,1,240,16,8,8,8,0,96,13,0,,,721814,359868,0,0,50599,1696,497941,0,480,713700,5430,2684,179934,0,0
581976,"memcopy",142.98,147,,,,,,,,,,,179200,0,,,,,,,,,,,,,,,
582133,"_Z19fdk_ts_back1_kernelPfS_iiiffffffPKhhffiiiffffPKff",16.45,30,1,8,8,16,16,1,0,132,13,0,,,124,1464,0,0,336,24,5010,0,8,124,0,0,0,366,0
582205,"_Z21fdk_ts_back1_kernel_2PfS_iiiffPKhhiiffPKf",4763.55,4777,1,240,16,8,8,8,0,96,13,0,,,707977,359156,0,0,51085,1700,500201,0,480,699470,5680,2827,179578,0,0
587020,"memcopy",143.04,154,,,,,,,,,,,179200,0,,,,,,,,,,,,,,,
587185,"_Z19fdk_ts_back1_kernelPfS_iiiffffffPKhhffiiiffffPKff",16.67,30,1,8,8,16,16,1,0,132,13,0,,,124,1464,0,0,310,22,4618,0,8,124,0,0,0,366,0
587259,"_Z21fdk_ts_back1_kernel_2PfS_iiiffPKhhiiffPKf",4731.1,4744,1,240,16,8,8,8,0,96,13,0,,,708686,358484,0,0,52618,1699,506408,0,480,700014,5767,2905,179242,0,0
592041,"memcopy",143.01,156,,,,,,,,,,,179200,0,,,,,,,,,,,,,,,
592207,"_Z19fdk_ts_back1_kernelPfS_iiiffffffPKhhffiiiffffPKff",16.51,30,1,8,8,16,16,1,0,132,13,0,,,124,1464,0,0,224,16,3380,0,8,124,0,0,0,366,0
592280,"_Z21fdk_ts_back1_kernel_2PfS_iiiffPKhhiiffPKf",4718.08,4732,1,240,16,8,8,8,0,96,13,0,,,715545,357528,0,0,50592,1696,497567,0,480,707288,5494,2763,178764,0,0
597060,"memcopy",142.75,156,,,,,,,,,,,179200,0,,,,,,,,,,,,,,,
597230,"_Z19fdk_ts_back1_kernelPfS_iiiffffffPKhhffiiiffffPKff",16.45,32,1,8,8,16,16,1,0,132,13,0,,,124,1464,0,0,336,24,5011,0,8,124,0,0,0,366,0
597309,"_Z21fdk_ts_back1_kernel_2PfS_iiiffPKhhiiffPKf",4821.76,4835,1,240,16,8,8,8,0,96,13,0,,,725759,357276,0,0,51077,1699,499799,0,480,718046,5138,2575,178638,0,0
602184,"memcopy",142.75,155,,,,,,,,,,,179200,0,,,,,,,,,,,,,,,
602350,"_Z19fdk_ts_back1_kernelPfS_iiiffffffPKhhffiiiffffPKff",16.45,30,1,8,8,16,16,1,0,132,13,0,,,124,1464,0,0,310,22,4616,0,8,124,0,0,0,366,0
602426,"_Z21fdk_ts_back1_kernel_2PfS_iiiffPKhhiiffPKf",4786.08,4800,1,240,16,8,8,8,0,96,13,0,,,737682,356356,0,0,52611,1701,506079,0,480,730484,4800,2398,178178,0,0
607262,"memcopy",142.75,151,,,,,,,,,,,179200,0,,,,,,,,,,,,,,,
607424,"_Z19fdk_ts_back1_kernelPfS_iiiffffffPKhhffiiiffffPKff",16.61,30,1,8,8,16,16,1,0,132,13,0,,,124,1464,0,0,224,16,3377,0,8,124,0,0,0,366,0
607497,"_Z21fdk_ts_back1_kernel_2PfS_iiiffPKhhiiffPKf",4755.01,4768,1,240,16,8,8,8,0,96,13,0,,,744787,356080,0,0,50587,1702,497320,0,480,737666,4754,2367,178040,0,0
612301,"memcopy",142.75,150,,,,,,,,,,,179200,0,,,,,,,,,,,,,,,
612461,"_Z19fdk_ts_back1_kernelPfS_iiiffffffPKhhffiiiffffPKff",16.51,30,1,8,8,16,16,1,0,132,13,0,,,124,1464,0,0,336,24,5011,0,8,124,0,0,0,366,0
612535,"_Z21fdk_ts_back1_kernel_2PfS_iiiffPKhhiiffPKf",4751.04,4765,1,240,16,8,8,8,0,96,13,0,,,758133,355944,0,0,51071,1702,499487,0,480,751332,4532,2269,177972,0,0
617336,"memcopy",143.04,153,,,,,,,,,,,179200,0,,,,,,,,,,,,,,,
617501,"_Z19fdk_ts_back1_kernelPfS_iiiffffffPKhhffiiiffffPKff",16.48,29,1,8,8,16,16,1,0,132,13,0,,,124,1464,0,0,310,22,4616,0,8,124,0,0,0,366,0
617574,"_Z21fdk_ts_back1_kernel_2PfS_iiiffPKhhiiffPKf",4799.97,4814,1,240,16,8,8,8,0,96,13,0,,,766058,355628,0,0,52606,1703,505796,0,480,759722,4214,2122,177814,0,0
622427,"memcopy",143.1,151,,,,,,,,,,,179200,0,,,,,,,,,,,,,,,
622589,"_Z19fdk_ts_back1_kernelPfS_iiiffffffPKhhffiiiffffPKff",16.61,52,1,8,8,16,16,1,0,132,13,0,,,124,1464,0,0,224,16,3377,0,8,124,0,0,0,366,0
622718,"_Z21fdk_ts_back1_kernel_2PfS_iiiffPKhhiiffPKf",4708.19,4722,1,240,16,8,8,8,0,96,13,0,,,772034,355644,0,0,50720,1750,501253,0,480,765848,4104,2082,177822,0,0
627477,"memcopy",143.1,152,,,,,,,,,,,179200,0,,,,,,,,,,,,,,,
627641,"_Z19fdk_ts_back1_kernelPfS_iiiffffffPKhhffiiiffffPKff",16.45,30,1,8,8,16,16,1,0,132,13,0,,,124,1464,0,0,336,24,5011,0,8,124,0,0,0,366,0
627714,"_Z21fdk_ts_back1_kernel_2PfS_iiiffPKhhiiffPKf",4726.78,4741,1,240,16,8,8,8,0,96,13,0,,,782909,356052,0,0,51217,1745,504099,0,480,777098,3880,1931,178026,0,0
632492,"memcopy",143.1,150,,,,,,,,,,,179200,0,,,,,,,,,,,,,,,
632654,"_Z19fdk_ts_back1_kernelPfS_iiiffffffPKhhffiiiffffPKff",16.58,29,1,8,8,16,16,1,0,132,13,0,,,124,1464,0,0,310,22,4616,0,8,124,0,0,0,366,0
632727,"_Z21fdk_ts_back1_kernel_2PfS_iiiffPKhhiiffPKf",4811.14,4825,1,240,16,8,8,8,0,96,13,0,,,791052,356568,0,0,52752,1748,510423,0,480,785434,3746,1872,178284,0,0
637590,"memcopy",142.78,149,,,,,,,,,,,179200,0,,,,,,,,,,,,,,,
637750,"_Z19fdk_ts_back1_kernelPfS_iiiffffffPKhhffiiiffffPKff",16.48,29,1,8,8,16,16,1,0,132,13,0,,,124,1464,0,0,224,16,3383,0,8,124,0,0,0,366,0
637822,"_Z21fdk_ts_back1_kernel_2PfS_iiiffPKhhiiffPKf",4755.74,4770,1,240,16,8,8,8,0,96,13,0,,,792070,357616,0,0,50853,1794,505210,0,480,786420,3792,1858,178808,0,0
642629,"memcopy",143.01,169,,,,,,,,,,,179200,0,,,,,,,,,,,,,,,
642809,"_Z19fdk_ts_back1_kernelPfS_iiiffffffPKhhffiiiffffPKff",16.54,29,1,8,8,16,16,1,0,132,13,0,,,124,1464,0,0,336,24,5010,0,8,124,0,0,0,366,0
642882,"_Z21fdk_ts_back1_kernel_2PfS_iiiffPKhhiiffPKf",4726.72,4740,1,240,16,8,8,8,0,96,13,0,,,792856,358936,0,0,51507,1833,513189,0,480,787084,3844,1928,179468,0,0
647658,"memcopy",143.33,152,,,,,,,,,,,179200,0,,,,,,,,,,,,,,,
647820,"_Z19fdk_ts_back1_kernelPfS_iiiffffffPKhhffiiiffffPKff",16.54,30,1,8,8,16,16,1,0,132,13,0,,,124,1464,0,0,310,22,4616,0,8,124,0,0,0,366,0
647892,"_Z21fdk_ts_back1_kernel_2PfS_iiiffPKhhiiffPKf",4765.73,4778,1,240,16,8,8,8,0,96,13,0,,,804121,360756,0,0,53038,1836,519311,0,480,798414,3800,1907,180378,0,0
652708,"memcopy",143.04,149,,,,,,,,,,,179200,0,,,,,,,,,,,,,,,
652867,"_Z19fdk_ts_back1_kernelPfS_iiiffffffPKhhffiiiffffPKff",16.58,30,1,8,8,16,16,1,0,132,13,0,,,124,1464,0,0,224,16,3392,0,8,124,0,0,0,366,0
652940,"_Z21fdk_ts_back1_kernel_2PfS_iiiffPKhhiiffPKf",4723.2,4736,1,240,16,8,8,8,0,96,13,0,,,805128,363396,0,0,51274,1917,518147,0,480,799272,3926,1930,181698,0,0
657713,"memcopy",142.75,148,,,,,,,,,,,179200,0,,,,,,,,,,,,,,,
657871,"_Z19fdk_ts_back1_kernelPfS_iiiffffffPKhhffiiiffffPKff",16.58,30,1,8,8,16,16,1,0,132,13,0,,,124,1464,0,0,336,24,5011,0,8,124,0,0,0,366,0
657944,"_Z21fdk_ts_back1_kernel_2PfS_iiiffPKhhiiffPKf",4722.62,4736,1,240,16,8,8,8,0,96,13,0,,,815591,367132,0,0,51918,1963,525636,0,480,809422,4110,2059,183566,0,0
662716,"memcopy",143.04,150,,,,,,,,,,,179200,0,,,,,,,,,,,,,,,
662878,"_Z19fdk_ts_back1_kernelPfS_iiiffffffPKhhffiiiffffPKff",16.77,29,1,8,8,16,16,1,0,132,13,0,,,124,1464,0,0,310,22,4617,0,8,124,0,0,0,366,0
662949,"_Z21fdk_ts_back1_kernel_2PfS_iiiffPKhhiiffPKf",4695.97,4709,1,240,16,8,8,8,0,96,13,0,,,809307,371348,0,0,53591,2009,536160,0,480,802312,4678,2317,185674,0,0
667696,"memcopy",143.07,148,,,,,,,,,,,179200,0,,,,,,,,,,,,,,,
667856,"_Z19fdk_ts_back1_kernelPfS_iiiffffffPKhhffiiiffffPKff",16.58,30,1,8,8,16,16,1,0,132,13,0,,,124,1464,0,0,224,16,3380,0,8,124,0,0,0,366,0
667929,"_Z21fdk_ts_back1_kernel_2PfS_iiiffPKhhiiffPKf",4766.94,4780,1,240,16,8,8,8,0,96,13,0,,,803324,375516,0,0,51550,1999,526559,0,480,795154,5422,2748,187758,0,0
672745,"memcopy",143.14,150,,,,,,,,,,,179200,0,,,,,,,,,,,,,,,
672907,"_Z19fdk_ts_back1_kernelPfS_iiiffffffPKhhffiiiffffPKff",16.61,30,1,8,8,16,16,1,0,132,13,0,,,124,1464,0,0,336,24,5013,0,8,124,0,0,0,366,0
672979,"_Z21fdk_ts_back1_kernel_2PfS_iiiffPKhhiiffPKf",4742.4,4755,1,240,16,8,8,8,0,96,13,0,,,800491,379516,0,0,52040,2011,529022,0,480,791794,5784,2913,189758,0,0
677771,"memcopy",143.39,149,,,,,,,,,,,179200,0,,,,,,,,,,,,,,,
677931,"_Z19fdk_ts_back1_kernelPfS_iiiffffffPKhhffiiiffffPKff",16.48,30,1,8,8,16,16,1,0,132,13,0,,,124,1464,0,0,310,22,4617,0,8,124,0,0,0,366,0
678003,"_Z21fdk_ts_back1_kernel_2PfS_iiiffPKhhiiffPKf",4732.77,4746,1,240,16,8,8,8,0,96,13,0,,,791664,383236,0,0,53575,1939,535340,0,480,782118,6364,3182,191618,0,0
682785,"memcopy",142.91,149,,,,,,,,,,,179200,0,,,,,,,,,,,,,,,
682946,"_Z19fdk_ts_back1_kernelPfS_iiiffffffPKhhffiiiffffPKff",16.45,29,1,8,8,16,16,1,0,132,13,0,,,124,1464,0,0,224,16,3403,0,8,124,0,0,0,366,0
683018,"_Z21fdk_ts_back1_kernel_2PfS_iiiffPKhhiiffPKf",4783.1,4796,1,240,16,8,8,8,0,96,13,0,,,792808,384300,0,0,51542,1851,526136,0,480,782864,6586,3358,192150,0,0
687851,"memcopy",142.88,150,,,,,,,,,,,179200,0,,,,,,,,,,,,,,,
688012,"_Z19fdk_ts_back1_kernelPfS_iiiffffffPKhhffiiiffffPKff",16.54,29,1,8,8,16,16,1,0,132,13,0,,,124,1464,0,0,336,24,5010,0,8,124,0,0,0,366,0
688085,"_Z21fdk_ts_back1_kernel_2PfS_iiiffPKhhiiffPKf",4810.27,4824,1,240,16,8,8,8,0,96,13,0,,,795532,383488,0,0,52025,1857,528255,0,480,785728,6536,3268,191744,0,0
692945,"memcopy",143.04,147,,,,,,,,,,,179200,0,,,,,,,,,,,,,,,
693103,"_Z19fdk_ts_back1_kernelPfS_iiiffffffPKhhffiiiffffPKff",16.61,30,1,8,8,16,16,1,0,132,13,0,,,124,1464,0,0,310,22,4618,0,8,124,0,0,0,366,0
693176,"_Z21fdk_ts_back1_kernel_2PfS_iiiffPKhhiiffPKf",4807.23,4820,1,240,16,8,8,8,0,96,13,0,,,802100,382656,0,0,53566,1867,534892,0,480,792620,6312,3168,191328,0,0
698032,"memcopy",142.82,147,,,,,,,,,,,179200,0,,,,,,,,,,,,,,,
698190,"_Z19fdk_ts_back1_kernelPfS_iiiffffffPKhhffiiiffffPKff",16.54,29,1,8,8,16,16,1,0,132,13,0,,,124,1464,0,0,224,16,3385,0,8,124,0,0,0,366,0
698262,"_Z21fdk_ts_back1_kernel_2PfS_iiiffPKhhiiffPKf",4794.34,4808,1,240,16,8,8,8,0,96,13,0,,,792057,378504,0,0,51529,2015,525488,0,480,782376,6472,3209,189252,0,0
703105,"memcopy",142.82,147,,,,,,,,,,,179200,0,,,,,,,,,,,,,,,
703263,"_Z19fdk_ts_back1_kernelPfS_iiiffffffPKhhffiiiffffPKff",16.42,29,1,8,8,16,16,1,0,132,13,0,,,124,1464,0,0,336,24,5012,0,8,124,0,0,0,366,0
703336,"_Z21fdk_ts_back1_kernel_2PfS_iiiffPKhhiiffPKf",4788.26,4802,1,240,16,8,8,8,0,96,13,0,,,791386,370024,0,0,52012,2184,527580,0,480,782332,6022,3032,185012,0,0
708174,"memcopy",142.75,147,,,,,,,,,,,179200,0,,,,,,,,,,,,,,,
708332,"_Z19fdk_ts_back1_kernelPfS_iiiffffffPKhhffiiiffffPKff",16.48,29,1,8,8,16,16,1,0,132,13,0,,,124,1464,0,0,310,22,4616,0,8,124,0,0,0,366,0
708404,"_Z21fdk_ts_back1_kernel_2PfS_iiiffPKhhiiffPKf",4733.12,4746,1,240,16,8,8,8,0,96,13,0,,,780045,360376,0,0,53555,2194,534317,0,480,771478,5704,2863,180188,0,0
713187,"memcopy",142.78,147,,,,,,,,,,,179200,0,,,,,,,,,,,,,,,
713344,"_Z19fdk_ts_back1_kernelPfS_iiiffffffPKhhffiiiffffPKff",16.64,29,1,8,8,16,16,1,0,132,13,0,,,124,1464,0,0,224,16,3390,0,8,124,0,0,0,366,0
713417,"_Z21fdk_ts_back1_kernel_2PfS_iiiffPKhhiiffPKf",4762.43,4777,1,240,16,8,8,8,0,96,13,0,,,769534,351516,0,0,51519,2181,524960,0,480,761226,5550,2758,175758,0,0
718229,"memcopy",142.69,146,,,,,,,,,,,179200,0,,,,,,,,,,,,,,,
718387,"_Z19fdk_ts_back1_kernelPfS_iiiffffffPKhhffiiiffffPKff",16.48,30,1,8,8,16,16,1,0,132,13,0,,,124,1464,0,0,336,24,5012,0,8,124,0,0,0,366,0
718459,"_Z21fdk_ts_back1_kernel_2PfS_iiiffPKhhiiffPKf",4735.52,4748,1,240,16,8,8,8,0,96,13,0,,,754432,342484,0,0,51994,2223,526686,0,480,746158,5532,2742,171242,0,0
723244,"memcopy",142.66,146,,,,,,,,,,,179200,0,,,,,,,,,,,,,,,
723401,"_Z19fdk_ts_back1_kernelPfS_iiiffffffPKhhffiiiffffPKff",16.42,30,1,8,8,16,16,1,0,132,13,0,,,124,1464,0,0,310,22,4619,0,8,124,0,0,0,366,0
723474,"_Z21fdk_ts_back1_kernel_2PfS_iiiffPKhhiiffPKf",4714.18,4728,1,240,16,8,8,8,0,96,13,0,,,739531,334944,0,0,53228,2160,523331,0,480,731350,5466,2715,167472,0,0
728238,"memcopy",142.75,147,,,,,,,,,,,179200,0,,,,,,,,,,,,,,,
728395,"_Z19fdk_ts_back1_kernelPfS_iiiffffffPKhhffiiiffffPKff",16.51,29,1,8,8,16,16,1,0,132,13,0,,,124,1464,0,0,224,16,3375,0,8,124,0,0,0,366,0
728468,"_Z21fdk_ts_back1_kernel_2PfS_iiiffPKhhiiffPKf",4691.49,4705,1,240,16,8,8,8,0,96,13,0,,,742485,329364,0,0,51024,2106,508250,0,480,734610,5302,2573,164682,0,0
733209,"memcopy",142.98,149,,,,,,,,,,,179200,0,,,,,,,,,,,,,,,
733370,"_Z19fdk_ts_back1_kernelPfS_iiiffffffPKhhffiiiffffPKff",16.35,29,1,8,8,16,16,1,0,132,13,0,,,124,1464,0,0,336,24,5011,0,8,124,0,0,0,366,0
733441,"_Z21fdk_ts_back1_kernel_2PfS_iiiffPKhhiiffPKf",4684.22,4698,1,240,16,8,8,8,0,96,13,0,,,728694,325332,0,0,51339,2103,504613,0,480,720630,5362,2702,162666,0,0
738175,"memcopy",143.04,147,,,,,,,,,,,179200,0,,,,,,,,,,,,,,,
738334,"_Z19fdk_ts_back1_kernelPfS_iiiffffffPKhhffiiiffffPKff",16.51,30,1,8,8,16,16,1,0,132,13,0,,,124,1464,0,0,310,22,4616,0,8,124,0,0,0,366,0
738406,"_Z21fdk_ts_back1_kernel_2PfS_iiiffPKhhiiffPKf",4705.06,4717,1,240,16,8,8,8,0,96,13,0,,,722835,322464,0,0,52741,2081,507009,0,480,714334,5665,2836,161232,0,0
743159,"memcopy",143.07,149,,,,,,,,,,,179200,0,,,,,,,,,,,,,,,
743319,"_Z19fdk_ts_back1_kernelPfS_iiiffffffPKhhffiiiffffPKff",16.54,30,1,8,8,16,16,1,0,132,13,0,,,124,1464,0,0,224,16,3393,0,8,124,0,0,0,366,0
743392,"_Z21fdk_ts_back1_kernel_2PfS_iiiffPKhhiiffPKf",4659.26,4672,1,240,16,8,8,8,0,96,13,0,,,714528,320100,0,0,50528,2026,491466,0,480,705858,5762,2908,160050,0,0
748101,"memcopy",143.33,149,,,,,,,,,,,179200,0,,,,,,,,,,,,,,,
748260,"_Z19fdk_ts_back1_kernelPfS_iiiffffffPKhhffiiiffffPKff",16.42,30,1,8,8,16,16,1,0,132,13,0,,,124,1464,0,0,336,24,5011,0,8,124,0,0,0,366,0
748333,"_Z21fdk_ts_back1_kernel_2PfS_iiiffPKhhiiffPKf",4630.24,4644,1,240,16,8,8,8,0,96,13,0,,,709385,318608,0,0,51003,2022,493155,0,480,700142,6162,3081,159304,0,0
753014,"memcopy",143.39,150,,,,,,,,,,,179200,0,,,,,,,,,,,,,,,
753174,"_Z19fdk_ts_back1_kernelPfS_iiiffffffPKhhffiiiffffPKff",16.45,30,1,8,8,16,16,1,0,132,13,0,,,124,1464,0,0,310,22,4617,0,8,124,0,0,0,366,0
753247,"_Z21fdk_ts_back1_kernel_2PfS_iiiffPKhhiiffPKf",4634.59,4648,1,240,16,8,8,8,0,96,13,0,,,700919,317364,0,0,52573,2034,501291,0,480,691498,6256,3165,158682,0,0
757930,"memcopy",143.04,145,,,,,,,,,,,179200,0,,,,,,,,,,,,,,,
758087,"_Z19fdk_ts_back1_kernelPfS_iiiffffffPKhhffiiiffffPKff",16.45,30,1,8,8,16,16,1,0,132,13,0,,,124,1464,0,0,224,16,3376,0,8,124,0,0,0,366,0
758159,"_Z21fdk_ts_back1_kernel_2PfS_iiiffPKhhiiffPKf",4578.4,4592,1,240,16,8,8,8,0,96,13,0,,,689182,316672,0,0,50355,1951,485484,0,480,678618,7030,3534,158336,0,0
762788,"memcopy",142.66,148,,,,,,,,,,,179200,0,,,,,,,,,,,,,,,
762946,"_Z19fdk_ts_back1_kernelPfS_iiiffffffPKhhffiiiffffPKff",16.42,30,1,8,8,16,16,1,0,132,13,0,,,124,1464,0,0,336,24,5010,0,8,124,0,0,0,366,0
763018,"_Z21fdk_ts_back1_kernel_2PfS_iiiffPKhhiiffPKf",4506.94,4521,1,240,16,8,8,8,0,96,13,0,,,682512,316424,0,0,50839,1945,487631,0,480,672104,6926,3482,158212,0,0
767577,"memcopy",142.94,150,,,,,,,,,,,179200,0,,,,,,,,,,,,,,,
767737,"_Z19fdk_ts_back1_kernelPfS_iiiffffffPKhhffiiiffffPKff",16.38,30,1,8,8,16,16,1,0,132,13,0,,,124,1464,0,0,310,22,4618,0,8,124,0,0,0,366,0
767809,"_Z21fdk_ts_back1_kernel_2PfS_iiiffPKhhiiffPKf",4502.69,4516,1,240,16,8,8,8,0,96,13,0,,,674345,316272,0,0,52416,1953,496116,0,480,663384,7272,3689,158136,0,0
772361,"memcopy",142.94,149,,,,,,,,,,,179200,0,,,,,,,,,,,,,,,
772521,"_Z19fdk_ts_back1_kernelPfS_iiiffffffPKhhffiiiffffPKff",16.48,29,1,8,8,16,16,1,0,132,13,0,,,124,1464,0,0,224,16,3380,0,8,124,0,0,0,366,0
772600,"_Z21fdk_ts_back1_kernel_2PfS_iiiffPKhhiiffPKf",4459.46,4472,1,240,16,8,8,8,0,96,13,0,,,661933,315948,0,0,50344,1952,484917,0,480,649934,7986,4013,157974,0,0
777109,"memcopy",142.53,149,,,,,,,,,,,179200,0,,,,,,,,,,,,,,,
777269,"_Z19fdk_ts_back1_kernelPfS_iiiffffffPKhhffiiiffffPKff",16.51,30,1,8,8,16,16,1,0,132,13,0,,,124,1464,0,0,336,24,5013,0,8,124,0,0,0,366,0
777342,"_Z21fdk_ts_back1_kernel_2PfS_iiiffPKhhiiffPKf",4451.49,4464,1,240,16,8,8,8,0,96,13,0,,,654271,316424,0,0,50836,1949,487478,0,480,641826,8288,4157,158212,0,0
781841,"memcopy",142.53,146,,,,,,,,,,,179200,0,,,,,,,,,,,,,,,
781998,"_Z19fdk_ts_back1_kernelPfS_iiiffffffPKhhffiiiffffPKff",16.48,30,1,8,8,16,16,1,0,132,13,0,,,124,1464,0,0,310,22,4618,0,8,124,0,0,0,366,0
782070,"_Z21fdk_ts_back1_kernel_2PfS_iiiffPKhhiiffPKf",4472.8,4487,1,240,16,8,8,8,0,96,13,0,,,642901,316424,0,0,52411,1945,495865,0,480,630158,8480,4263,158212,0,0
786595,"memcopy",143.01,152,,,,,,,,,,,179200,0,,,,,,,,,,,,,,,
786757,"_Z19fdk_ts_back1_kernelPfS_iiiffffffPKhhffiiiffffPKff",16.38,30,1,8,8,16,16,1,0,132,13,0,,,124,1464,0,0,224,16,3378,0,8,124,0,0,0,366,0
786829,"_Z21fdk_ts_back1_kernel_2PfS_iiiffPKhhiiffPKf",4396.35,4410,1,240,16,8,8,8,0,96,13,0,,,635294,316740,0,0,50324,1950,483914,0,480,622022,8832,4440,158370,0,0
791276,"memcopy",143.01,150,,,,,,,,,,,179200,0,,,,,,,,,,,,,,,
791437,"_Z19fdk_ts_back1_kernelPfS_iiiffffffPKhhffiiiffffPKff",16.51,30,1,8,8,16,16,1,0,132,13,0,,,124,1464,0,0,336,24,5010,0,8,124,0,0,0,366,0
791511,"_Z21fdk_ts_back1_kernel_2PfS_iiiffPKhhiiffPKf",4338.37,4352,1,240,16,8,8,8,0,96,13,0,,,625792,317400,0,0,50839,1915,487631,0,480,611864,9302,4626,158700,0,0
795899,"memcopy",142.53,148,,,,,,,,,,,179200,0,,,,,,,,,,,,,,,
796058,"_Z19fdk_ts_back1_kernelPfS_iiiffffffPKhhffiiiffffPKff",16.58,30,1,8,8,16,16,1,0,132,13,0,,,124,1464,0,0,310,22,4619,0,8,124,0,0,0,366,0
796131,"_Z21fdk_ts_back1_kernel_2PfS_iiiffPKhhiiffPKf",4374.46,4388,1,240,16,8,8,8,0,96,13,0,,,618342,317860,0,0,52408,1900,495702,0,480,603794,9696,4852,158930,0,0
800555,"memcopy",142.59,148,,,,,,,,,,,179200,0,,,,,,,,,,,,,,,
800713,"_Z19fdk_ts_back1_kernelPfS_iiiffffffPKhhffiiiffffPKff",16.58,30,1,8,8,16,16,1,0,132,13,0,,,124,1464,0,0,224,16,3379,0,8,124,0,0,0,366,0
800786,"_Z21fdk_ts_back1_kernel_2PfS_iiiffPKhhiiffPKf",4325.92,4339,1,240,16,8,8,8,0,96,13,0,,,611768,318336,0,0,50319,1896,483640,0,480,597152,9758,4858,159168,0,0
805162,"memcopy",143.07,149,,,,,,,,,,,179200,0,,,,,,,,,,,,,,,
805321,"_Z19fdk_ts_back1_kernelPfS_iiiffffffPKhhffiiiffffPKff",16.54,29,1,8,8,16,16,1,0,132,13,0,,,124,1464,0,0,336,24,5011,0,8,124,0,0,0,366,0
805393,"_Z21fdk_ts_back1_kernel_2PfS_iiiffPKhhiiffPKf",4264.74,4277,1,240,16,8,8,8,0,96,13,0,,,598492,319400,0,0,50849,1930,488141,0,480,583430,10032,5030,159700,0,0
809707,"memcopy",143.04,148,,,,,,,,,,,179200,0,,,,,,,,,,,,,,,
809867,"_Z19fdk_ts_back1_kernelPfS_iiiffffffPKhhffiiiffffPKff",16.48,30,1,8,8,16,16,1,0,132,13,0,,,124,1464,0,0,310,22,4617,0,8,124,0,0,0,366,0
809939,"_Z21fdk_ts_back1_kernel_2PfS_iiiffPKhhiiffPKf",4235.52,4248,1,240,16,8,8,8,0,96,13,0,,,590069,320164,0,0,52404,1902,495511,0,480,574346,10484,5239,160082,0,0
814224,"memcopy",143.04,151,,,,,,,,,,,179200,0,,,,,,,,,,,,,,,
814386,"_Z19fdk_ts_back1_kernelPfS_iiiffffffPKhhffiiiffffPKff",16.45,29,1,8,8,16,16,1,0,132,13,0,,,124,1464,0,0,224,16,3375,0,8,124,0,0,0,366,0
814459,"_Z21fdk_ts_back1_kernel_2PfS_iiiffPKhhiiffPKf",4233.12,4247,1,240,16,8,8,8,0,96,13,0,,,579077,320288,0,0,50317,1925,483549,0,480,563548,10362,5167,160144,0,0
818742,"memcopy",143.36,151,,,,,,,,,,,179200,0,,,,,,,,,,,,,,,
818904,"_Z19fdk_ts_back1_kernelPfS_iiiffffffPKhhffiiiffffPKff",16.51,29,1,8,8,16,16,1,0,132,13,0,,,124,1464,0,0,336,24,5010,0,8,124,0,0,0,366,0
818977,"_Z21fdk_ts_back1_kernel_2PfS_iiiffPKhhiiffPKf",4139.36,4153,1,240,16,8,8,8,0,96,13,0,,,565661,320416,0,0,50854,1974,488396,0,480,549248,10952,5461,160208,0,0
823166,"memcopy",143.01,146,,,,,,,,,,,179200,0,,,,,,,,,,,,,,,
823323,"_Z19fdk_ts_back1_kernelPfS_iiiffffffPKhhffiiiffffPKff",16.58,29,1,8,8,16,16,1,0,132,13,0,,,124,1464,0,0,310,22,4617,0,8,124,0,0,0,366,0
824589,"_Z21fdk_ts_back1_kernel_2PfS_iiiffPKhhiiffPKf",4129.66,4143,1,240,16,8,8,8,0,96,13,0,,,562582,320264,0,0,52261,1945,491055,0,480,546466,10750,5366,160132,0,0
828772,"memcopy",142.72,146,,,,,,,,,,,179200,0,,,,,,,,,,,,,,,
828928,"_Z19fdk_ts_back1_kernelPfS_iiiffffffPKhhffiiiffffPKff",16.45,29,1,8,8,16,16,1,0,132,13,0,,,124,1464,0,0,224,16,3388,0,8,124,0,0,0,366,0
829001,"_Z21fdk_ts_back1_kernel_2PfS_iiiffPKhhiiffPKf",4025.73,4039,1,240,16,8,8,8,0,96,13,0,,,558746,320284,0,0,50171,1904,478932,0,480,542412,10890,5444,160142,0,0
833076,"memcopy",143.04,149,,,,,,,,,,,179200,0,,,,,,,,,,,,,,,
833236,"_Z19fdk_ts_back1_kernelPfS_iiiffffffPKhhffiiiffffPKff",16.42,30,1,8,8,16,16,1,0,132,13,0,,,124,1464,0,0,336,24,5012,0,8,124,0,0,0,366,0
833308,"_Z21fdk_ts_back1_kernel_2PfS_iiiffPKhhiiffPKf",3959.68,3973,1,240,16,8,8,8,0,96,13,0,,,545532,320100,0,0,50872,2010,489314,0,480,528698,11224,5610,160050,0,0
837317,"memcopy",143.3,149,,,,,,,,,,,179200,0,,,,,,,,,,,,,,,
837476,"_Z19fdk_ts_back1_kernelPfS_iiiffffffPKhhffiiiffffPKff",16.54,30,1,8,8,16,16,1,0,132,13,0,,,124,1464,0,0,310,22,4618,0,8,124,0,0,0,366,0
837548,"_Z21fdk_ts_back1_kernel_2PfS_iiiffPKhhiiffPKf",4050.05,4063,1,240,16,8,8,8,0,96,13,0,,,536823,319728,0,0,52268,1985,491430,0,480,520152,11120,5551,159864,0,0
841648,"memcopy",143.04,146,,,,,,,,,,,179200,0,,,,,,,,,,,,,,,
841804,"_Z19fdk_ts_back1_kernelPfS_iiiffffffPKhhffiiiffffPKff",16.48,30,1,8,8,16,16,1,0,132,13,0,,,124,1464,0,0,224,16,3379,0,8,124,0,0,0,366,0
841876,"_Z21fdk_ts_back1_kernel_2PfS_iiiffPKhhiiffPKf",4032.96,4046,1,240,16,8,8,8,0,96,13,0,,,540275,320056,0,0,50176,1935,479206,0,480,523548,11182,5545,160028,0,0
845958,"memcopy",142.88,147,,,,,,,,,,,179200,0,,,,,,,,,,,,,,,
846115,"_Z19fdk_ts_back1_kernelPfS_iiiffffffPKhhffiiiffffPKff",16.48,30,1,8,8,16,16,1,0,132,13,0,,,124,1464,0,0,336,24,5010,0,8,124,0,0,0,366,0
846187,"_Z21fdk_ts_back1_kernel_2PfS_iiiffPKhhiiffPKf",3974.56,3988,1,240,16,8,8,8,0,96,13,0,,,531726,319888,0,0,50728,1997,484810,0,480,514608,11414,5704,159944,0,0
850211,"memcopy",143.2,152,,,,,,,,,,,179200,0,,,,,,,,,,,,,,,
850374,"_Z19fdk_ts_back1_kernelPfS_iiiffffffPKhhffiiiffffPKff",16.54,30,1,8,8,16,16,1,0,132,13,0,,,124,1464,0,0,310,22,4616,0,8,124,0,0,0,366,0
850446,"_Z21fdk_ts_back1_kernel_2PfS_iiiffPKhhiiffPKf",3850.4,3864,1,240,16,8,8,8,0,96,13,0,,,526968,319540,0,0,52261,2023,491049,0,480,509510,11658,5800,159770,0,0
854346,"memcopy",143.39,148,,,,,,,,,,,179200,0,,,,,,,,,,,,,,,
854508,"_Z19fdk_ts_back1_kernelPfS_iiiffffffPKhhffiiiffffPKff",16.54,30,1,8,8,16,16,1,0,132,13,0,,,124,1464,0,0,224,16,3384,0,8,124,0,0,0,366,0
854582,"_Z21fdk_ts_back1_kernel_2PfS_iiiffPKhhiiffPKf",3891.42,3904,1,240,16,8,8,8,0,96,13,0,,,522157,319456,0,0,50032,1923,474686,0,480,504374,11854,5929,159728,0,0
858524,"memcopy",143.36,152,,,,,,,,,,,179200,0,,,,,,,,,,,,,,,
858687,"_Z19fdk_ts_back1_kernelPfS_iiiffffffPKhhffiiiffffPKff",16.48,29,1,8,8,16,16,1,0,132,13,0,,,124,1464,0,0,336,24,5011,0,8,124,0,0,0,366,0
858759,"_Z21fdk_ts_back1_kernel_2PfS_iiiffPKhhiiffPKf",3944.42,3957,1,240,16,8,8,8,0,96,13,0,,,517332,319412,0,0,50582,1946,480204,0,480,499328,11992,6012,159706,0,0
862752,"memcopy",143.17,146,,,,,,,,,,,179200,0,,,,,,,,,,,,,,,
862909,"_Z19fdk_ts_back1_kernelPfS_iiiffffffPKhhffiiiffffPKff",16.45,30,1,8,8,16,16,1,0,132,13,0,,,124,1464,0,0,310,22,4616,0,8,124,0,0,0,366,0
862981,"_Z21fdk_ts_back1_kernel_2PfS_iiiffPKhhiiffPKf",3939.74,3952,1,240,16,8,8,8,0,96,13,0,,,509418,318756,0,0,52265,2023,491276,0,480,491212,12134,6072,159378,0,0
866969,"memcopy",143.1,151,,,,,,,,,,,179200,0,,,,,,,,,,,,,,,
867131,"_Z19fdk_ts_back1_kernelPfS_iiiffffffPKhhffiiiffffPKff",16.48,29,1,8,8,16,16,1,0,132,13,0,,,124,1464,0,0,224,16,3377,0,8,124,0,0,0,366,0
867203,"_Z21fdk_ts_back1_kernel_2PfS_iiiffPKhhiiffPKf",3819.14,3832,1,240,16,8,8,8,0,96,13,0,,,510109,318652,0,0,50032,1920,474692,0,480,491818,12204,6087,159326,0,0
871071,"memcopy",142.98,146,,,,,,,,,,,179200,0,,,,,,,,,,,,,,,
871228,"_Z19fdk_ts_back1_kernelPfS_iiiffffffPKhhffiiiffffPKff",16.48,30,1,8,8,16,16,1,0,132,13,0,,,124,1464,0,0,336,24,5011,0,8,124,0,0,0,366,0
871300,"_Z21fdk_ts_back1_kernel_2PfS_iiiffPKhhiiffPKf",3824.86,3838,1,240,16,8,8,8,0,96,13,0,,,509440,318544,0,0,50583,1982,480255,0,480,491166,12184,6090,159272,0,0
875175,"memcopy",143.04,150,,,,,,,,,,,179200,0,,,,,,,,,,,,,,,
875335,"_Z19fdk_ts_back1_kernelPfS_iiiffffffPKhhffiiiffffPKff",16.51,30,1,8,8,16,16,1,0,132,13,0,,,124,1464,0,0,310,22,4616,0,8,124,0,0,0,366,0
875407,"_Z21fdk_ts_back1_kernel_2PfS_iiiffPKhhiiffPKf",3893.15,3907,1,240,16,8,8,8,0,96,13,0,,,500346,318416,0,0,52120,1942,486697,0,480,481660,12450,6236,159208,0,0
879350,"memcopy",143.39,149,,,,,,,,,,,179200,0,,,,,,,,,,,,,,,
879510,"_Z19fdk_ts_back1_kernelPfS_iiiffffffPKhhffiiiffffPKff",16.61,29,1,8,8,16,16,1,0,132,13,0,,,124,1464,0,0,224,16,3384,0,8,124,0,0,0,366,0
879590,"_Z21fdk_ts_back1_kernel_2PfS_iiiffPKhhiiffPKf",3925.79,3939,1,240,16,8,8,8,0,96,13,0,,,502106,318400,0,0,50032,1920,474683,0,480,483348,12520,6238,159200,0,0
883565,"memcopy",143.1,146,,,,,,,,,,,179200,0,,,,,,,,,,,,,,,
883723,"_Z19fdk_ts_back1_kernelPfS_iiiffffffPKhhffiiiffffPKff",16.42,30,1,8,8,16,16,1,0,132,13,0,,,124,1464,0,0,336,24,5011,0,8,124,0,0,0,366,0
883795,"_Z21fdk_ts_back1_kernel_2PfS_iiiffPKhhiiffPKf",3842.18,3855,1,240,16,8,8,8,0,96,13,0,,,505590,318296,0,0,50731,2021,484963,0,480,487176,12281,6133,159148,0,0
887687,"memcopy",143.04,149,,,,,,,,,,,179200,0,,,,,,,,,,,,,,,
887847,"_Z19fdk_ts_back1_kernelPfS_iiiffffffPKhhffiiiffffPKff",16.61,30,1,8,8,16,16,1,0,132,13,0,,,124,1464,0,0,310,22,4617,0,8,124,0,0,0,366,0
887919,"_Z21fdk_ts_back1_kernel_2PfS_iiiffPKhhiiffPKf",3865.5,3878,1,240,16,8,8,8,0,96,13,0,,,496599,318284,0,0,52121,1981,486758,0,480,477738,12569,6292,159142,0,0
891834,"memcopy",143.3,150,,,,,,,,,,,179200,0,,,,,,,,,,,,,,,
891994,"_Z19fdk_ts_back1_kernelPfS_iiiffffffPKhhffiiiffffPKff",16.61,31,1,8,8,16,16,1,0,132,13,0,,,124,1464,0,0,224,16,3399,0,8,124,0,0,0,366,0
892068,"_Z21fdk_ts_back1_kernel_2PfS_iiiffPKhhiiffPKf",3855.58,3869,1,240,16,8,8,8,0,96,13,0,,,504784,318204,0,0,50032,1880,474692,0,480,486316,12320,6148,159102,0,0
895974,"memcopy",143.36,148,,,,,,,,,,,179200,0,,,,,,,,,,,,,,,
896134,"_Z19fdk_ts_back1_kernelPfS_iiiffffffPKhhffiiiffffPKff",16.48,30,1,8,8,16,16,1,0,132,13,0,,,124,1464,0,0,336,24,5011,0,8,124,0,0,0,366,0
896206,"_Z21fdk_ts_back1_kernel_2PfS_iiiffPKhhiiffPKf",3916.22,3930,1,240,16,8,8,8,0,96,13,0,,,507333,318348,0,0,50584,1982,480310,0,480,488774,12380,6179,159174,0,0
900173,"memcopy",143.07,147,,,,,,,,,,,179200,0,,,,,,,,,,,,,,,
900331,"_Z19fdk_ts_back1_kernelPfS_iiiffffffPKhhffiiiffffPKff",16.42,30,1,8,8,16,16,1,0,132,13,0,,,124,1464,0,0,310,22,4618,0,8,124,0,0,0,366,0
900403,"_Z21fdk_ts_back1_kernel_2PfS_iiiffPKhhiiffPKf",3886.05,3900,1,240,16,8,8,8,0,96,13,0,,,503991,318136,0,0,52263,2021,491145,0,480,485580,12272,6139,159068,0,0
904341,"memcopy",142.82,146,,,,,,,,,,,179200,0,,,,,,,,,,,,,,,
904497,"_Z19fdk_ts_back1_kernelPfS_iiiffffffPKhhffiiiffffPKff",16.45,29,1,8,8,16,16,1,0,132,13,0,,,124,1464,0,0,224,16,3388,0,8,124,0,0,0,366,0
904571,"_Z21fdk_ts_back1_kernel_2PfS_iiiffPKhhiiffPKf",3863.9,3877,1,240,16,8,8,8,0,96,13,0,,,503472,318076,0,0,50032,1920,474688,0,480,485278,12158,6036,159038,0,0
908485,"memcopy",143.14,149,,,,,,,,,,,179200,0,,,,,,,,,,,,,,,
908644,"_Z19fdk_ts_back1_kernelPfS_iiiffffffPKhhffiiiffffPKff",16.58,29,1,8,8,16,16,1,0,132,13,0,,,124,1464,0,0,336,24,5011,0,8,124,0,0,0,366,0
908717,"_Z21fdk_ts_back1_kernel_2PfS_iiiffPKhhiiffPKf",3921.7,3936,1,240,16,8,8,8,0,96,13,0,,,511530,318308,0,0,50581,1983,480153,0,480,493270,12162,6098,159154,0,0
912689,"memcopy",143.36,149,,,,,,,,,,,179200,0,,,,,,,,,,,,,,,
912849,"_Z19fdk_ts_back1_kernelPfS_iiiffffffPKhhffiiiffffPKff",16.45,30,1,8,8,16,16,1,0,132,13,0,,,124,1464,0,0,310,22,4616,0,8,124,0,0,0,366,0
912921,"_Z21fdk_ts_back1_kernel_2PfS_iiiffPKhhiiffPKf",3914.72,3928,1,240,16,8,8,8,0,96,13,0,,,514148,318216,0,0,52118,1984,486602,0,480,496332,11882,5934,159108,0,0
916885,"memcopy",143.04,146,,,,,,,,,,,179200,0,,,,,,,,,,,,,,,
917042,"_Z19fdk_ts_back1_kernelPfS_iiiffffffPKhhffiiiffffPKff",16.48,30,1,8,8,16,16,1,0,132,13,0,,,124,1464,0,0,224,16,3387,0,8,124,0,0,0,366,0
917114,"_Z21fdk_ts_back1_kernel_2PfS_iiiffPKhhiiffPKf",3900.77,3914,1,240,16,8,8,8,0,96,13,0,,,519654,318768,0,0,50176,1963,479210,0,480,501872,11862,5920,159384,0,0
921065,"memcopy",143.01,149,,,,,,,,,,,179200,0,,,,,,,,,,,,,,,
921224,"_Z19fdk_ts_back1_kernelPfS_iiiffffffPKhhffiiiffffPKff",16.48,29,1,8,8,16,16,1,0,132,13,0,,,124,1464,0,0,336,24,5011,0,8,124,0,0,0,366,0
921296,"_Z21fdk_ts_back1_kernel_2PfS_iiiffPKhhiiffPKf",3936.45,3950,1,240,16,8,8,8,0,96,13,0,,,523879,318864,0,0,50725,1991,484661,0,480,506220,11788,5871,159432,0,0
925282,"memcopy",142.98,146,,,,,,,,,,,179200,0,,,,,,,,,,,,,,,
925440,"_Z19fdk_ts_back1_kernelPfS_iiiffffffPKhhffiiiffffPKff",16.38,29,1,8,8,16,16,1,0,132,13,0,,,124,1464,0,0,310,22,4629,0,8,124,0,0,0,366,0
925512,"_Z21fdk_ts_back1_kernel_2PfS_iiiffPKhhiiffPKf",3987.39,4001,1,240,16,8,8,8,0,96,13,0,,,527710,318728,0,0,52264,1985,491196,0,480,510630,11382,5698,159364,0,0
929550,"memcopy",142.72,147,,,,,,,,,,,179200,0,,,,,,,,,,,,,,,
929708,"_Z19fdk_ts_back1_kernelPfS_iiiffffffPKhhffiiiffffPKff",16.48,30,1,8,8,16,16,1,0,132,13,0,,,124,1464,0,0,224,16,3395,0,8,124,0,0,0,366,0
929780,"_Z21fdk_ts_back1_kernel_2PfS_iiiffPKhhiiffPKf",4009.06,4022,1,240,16,8,8,8,0,96,13,0,,,533100,318848,0,0,50032,1935,474693,0,480,516278,11222,5600,159424,0,0
933839,"memcopy",142.75,149,,,,,,,,,,,179200,0,,,,,,,,,,,,,,,
933999,"_Z19fdk_ts_back1_kernelPfS_iiiffffffPKhhffiiiffffPKff",16.51,29,1,8,8,16,16,1,0,132,13,0,,,124,1464,0,0,336,24,5011,0,8,124,0,0,0,366,0
934072,"_Z21fdk_ts_back1_kernel_2PfS_iiiffPKhhiiffPKf",4001.82,4015,1,240,16,8,8,8,0,96,13,0,,,541082,319288,0,0,50720,2004,484424,0,480,524592,11008,5482,159644,0,0
938123,"memcopy",142.72,146,,,,,,,,,,,179200,0,,,,,,,,,,,,,,,
938281,"_Z19fdk_ts_back1_kernelPfS_iiiffffffPKhhffiiiffffPKff",16.48,30,1,8,8,16,16,1,0,132,13,0,,,124,1464,0,0,310,22,4617,0,8,124,0,0,0,366,0
938353,"_Z21fdk_ts_back1_kernel_2PfS_iiiffPKhhiiffPKf",4054.14,4067,1,240,16,8,8,8,0,96,13,0,,,544318,318836,0,0,52258,1987,490906,0,480,527732,11050,5536,159418,0,0
942458,"memcopy",143.07,149,,,,,,,,,,,179200,0,,,,,,,,,,,,,,,
942619,"_Z19fdk_ts_back1_kernelPfS_iiiffffffPKhhffiiiffffPKff",16.54,30,1,8,8,16,16,1,0,132,13,0,,,124,1464,0,0,224,16,3386,0,8,124,0,0,0,366,0
942695,"_Z21fdk_ts_back1_kernel_2PfS_iiiffPKhhiiffPKf",4080.51,4094,1,240,16,8,8,8,0,96,13,0,,,546560,318484,0,0,50171,1944,478941,0,480,530372,10794,5394,159242,0,0
946825,"memcopy",143.17,146,,,,,,,,,,,179200,0,,,,,,,,,,,,,,,
946982,"_Z19fdk_ts_back1_kernelPfS_iiiffffffPKhhffiiiffffPKff",16.48,29,1,8,8,16,16,1,0,132,13,0,,,124,1464,0,0,336,24,5010,0,8,124,0,0,0,366,0
947056,"_Z21fdk_ts_back1_kernel_2PfS_iiiffPKhhiiffPKf",4155.01,4167,1,240,16,8,8,8,0,96,13,0,,,554831,318600,0,0,50855,2049,488477,0,480,538568,10836,5427,159300,0,0
951260,"memcopy",143.14,150,,,,,,,,,,,179200,0,,,,,,,,,,,,,,,
951422,"_Z19fdk_ts_back1_kernelPfS_iiiffffffPKhhffiiiffffPKff",16.54,29,1,8,8,16,16,1,0,132,13,0,,,124,1464,0,0,310,22,4616,0,8,124,0,0,0,366,0
951494,"_Z21fdk_ts_back1_kernel_2PfS_iiiffPKhhiiffPKf",4098.11,4112,1,240,16,8,8,8,0,96,13,0,,,563175,318716,0,0,52401,2026,495341,0,480,547212,10634,5329,159358,0,0
955644,"memcopy",143.07,147,,,,,,,,,,,179200,0,,,,,,,,,,,,,,,
955801,"_Z19fdk_ts_back1_kernelPfS_iiiffffffPKhhffiiiffffPKff",16.61,30,1,8,8,16,16,1,0,132,13,0,,,124,1464,0,0,224,16,3403,0,8,124,0,0,0,366,0
955874,"_Z21fdk_ts_back1_kernel_2PfS_iiiffPKhhiiffPKf",4181.54,4195,1,240,16,8,8,8,0,96,13,0,,,572032,318764,0,0,50317,1963,483538,0,480,556032,10647,5353,159382,0,0
960105,"memcopy",142.85,146,,,,,,,,,,,179200,0,,,,,,,,,,,,,,,
960261,"_Z19fdk_ts_back1_kernelPfS_iiiffffffPKhhffiiiffffPKff",16.48,29,1,8,8,16,16,1,0,132,13,0,,,124,1464,0,0,336,24,5011,0,8,124,0,0,0,366,0
960334,"_Z21fdk_ts_back1_kernel_2PfS_iiiffPKhhiiffPKf",4169.6,4183,1,240,16,8,8,8,0,96,13,0,,,579696,317836,0,0,50699,1973,483352,0,480,563892,10512,5292,158918,0,0
964553,"memcopy",143.14,150,,,,,,,,,,,179200,0,,,,,,,,,,,,,,,
964714,"_Z19fdk_ts_back1_kernelPfS_iiiffffffPKhhffiiiffffPKff",16.51,30,1,8,8,16,16,1,0,132,13,0,,,124,1464,0,0,310,22,4619,0,8,124,0,0,0,366,0
964786,"_Z21fdk_ts_back1_kernel_2PfS_iiiffPKhhiiffPKf",4224.54,4238,1,240,16,8,8,8,0,96,13,0,,,593700,316708,0,0,52253,1941,490659,0,480,578428,10144,5128,158354,0,0
969060,"memcopy",143.33,151,,,,,,,,,,,179200,0,,,,,,,,,,,,,,,
969222,"_Z19fdk_ts_back1_kernelPfS_iiiffffffPKhhffiiiffffPKff",16.51,30,1,8,8,16,16,1,0,132,13,0,,,124,1464,0,0,224,16,3393,0,8,124,0,0,0,366,0
969295,"_Z21fdk_ts_back1_kernel_2PfS_iiiffPKhhiiffPKf",4281.12,4294,1,240,16,8,8,8,0,96,13,0,,,597972,315792,0,0,50167,1974,478747,0,480,583166,9846,4960,157896,0,0
973626,"memcopy",143.2,145,,,,,,,,,,,179200,0,,,,,,,,,,,,,,,
973783,"_Z19fdk_ts_back1_kernelPfS_iiiffffffPKhhffiiiffffPKff",16.54,29,1,8,8,16,16,1,0,132,13,0,,,124,1464,0,0,336,24,5010,0,8,124,0,0,0,366,0
973855,"_Z21fdk_ts_back1_kernel_2PfS_iiiffPKhhiiffPKf",4332.42,4346,1,240,16,8,8,8,0,96,13,0,,,609243,314908,0,0,50692,2006,482979,0,480,594868,9574,4801,157454,0,0
978237,"memcopy",143.3,149,,,,,,,,,,,179200,0,,,,,,,,,,,,,,,
978397,"_Z19fdk_ts_back1_kernelPfS_iiiffffffPKhhffiiiffffPKff",16.54,29,1,8,8,16,16,1,0,132,13,0,,,124,1464,0,0,310,22,4617,0,8,124,0,0,0,366,0
978469,"_Z21fdk_ts_back1_kernel_2PfS_iiiffPKhhiiffPKf",4280.16,4293,1,240,16,8,8,8,0,96,13,0,,,619773,314240,0,0,52256,1980,490791,0,480,606064,9104,4605,157120,0,0
982799,"memcopy",143.1,146,,,,,,,,,,,179200,0,,,,,,,,,,,,,,,
982956,"_Z19fdk_ts_back1_kernelPfS_iiiffffffPKhhffiiiffffPKff",16.42,29,1,8,8,16,16,1,0,132,13,0,,,124,1464,0,0,224,16,3388,0,8,124,0,0,0,366,0
983028,"_Z21fdk_ts_back1_kernel_2PfS_iiiffPKhhiiffPKf",4402.05,4416,1,240,16,8,8,8,0,96,13,0,,,628127,313348,0,0,50168,1988,478783,0,480,614944,8796,4387,156674,0,0
987479,"memcopy",142.85,145,,,,,,,,,,,179200,0,,,,,,,,,,,,,,,
987636,"_Z19fdk_ts_back1_kernelPfS_iiiffffffPKhhffiiiffffPKff",16.54,30,1,8,8,16,16,1,0,132,13,0,,,124,1464,0,0,336,24,5010,0,8,124,0,0,0,366,0
987708,"_Z21fdk_ts_back1_kernel_2PfS_iiiffPKhhiiffPKf",4416.38,4429,1,240,16,8,8,8,0,96,13,0,,,636389,312796,0,0,50685,1995,482643,0,480,623656,8476,4257,156398,0,0
992174,"memcopy",142.91,146,,,,,,,,,,,179200,0,,,,,,,,,,,,,,,
992331,"_Z19fdk_ts_back1_kernelPfS_iiiffffffPKhhffiiiffffPKff",16.45,29,1,8,8,16,16,1,0,132,13,0,,,124,1464,0,0,310,22,4616,0,8,124,0,0,0,366,0
992404,"_Z21fdk_ts_back1_kernel_2PfS_iiiffPKhhiiffPKf",4430.14,4443,1,240,16,8,8,8,0,96,13,0,,,644524,312384,0,0,52262,2027,491111,0,480,632502,8030,3992,156192,0,0
996883,"memcopy",143.17,149,,,,,,,,,,,179200,0,,,,,,,,,,,,,,,
997042,"_Z19fdk_ts_back1_kernelPfS_iiiffffffPKhhffiiiffffPKff",16.38,29,1,8,8,16,16,1,0,132,13,0,,,124,1464,0,0,224,16,3376,0,8,124,0,0,0,366,0
997114,"_Z21fdk_ts_back1_kernel_2PfS_iiiffPKhhiiffPKf",4437.02,4450,1,240,16,8,8,8,0,96,13,0,,,656531,311860,0,0,50184,2030,479615,0,480,644960,7716,3855,155930,0,0
1.00E+006,"memcopy",143.1,148,,,,,,,,,,,179200,0,,,,,,,,,,,,,,,
1.00E+006,"_Z19fdk_ts_back1_kernelPfS_iiiffffffPKhhffiiiffffPKff",16.58,30,1,8,8,16,16,1,0,132,13,0,,,124,1464,0,0,336,24,5010,0,8,124,0,0,0,366,0
1.00E+006,"_Z21fdk_ts_back1_kernel_2PfS_iiiffPKhhiiffPKf",4531.1,4544,1,240,16,8,8,8,0,96,13,0,,,662465,311728,0,0,50684,2025,482571,0,480,651374,7394,3697,155864,0,0
1.01E+006,"memcopy",142.88,149,,,,,,,,,,,179200,0,,,,,,,,,,,,,,,
1.01E+006,"_Z19fdk_ts_back1_kernelPfS_iiiffffffPKhhffiiiffffPKff",16.42,29,1,8,8,16,16,1,0,132,13,0,,,124,1464,0,0,310,22,4617,0,8,124,0,0,0,366,0
1.01E+006,"_Z21fdk_ts_back1_kernel_2PfS_iiiffPKhhiiffPKf",4493.28,4507,1,240,16,8,8,8,0,96,13,0,,,675679,311416,0,0,52260,2029,490994,0,480,665668,6692,3319,155708,0,0
1.01E+006,"memcopy",143.17,150,,,,,,,,,,,179200,0,,,,,,,,,,,,,,,
1.01E+006,"_Z19fdk_ts_back1_kernelPfS_iiiffffffPKhhffiiiffffPKff",16.45,30,1,8,8,16,16,1,0,132,13,0,,,124,1464,0,0,224,16,3381,0,8,124,0,0,0,366,0
1.01E+006,"_Z21fdk_ts_back1_kernel_2PfS_iiiffPKhhiiffPKf",4541.79,4555,1,240,16,8,8,8,0,96,13,0,,,675073,311408,0,0,50195,2029,480157,0,480,665022,6716,3335,155704,0,0
1.02E+006,"memcopy",142.98,146,,,,,,,,,,,179200,0,,,,,,,,,,,,,,,
1.02E+006,"_Z19fdk_ts_back1_kernelPfS_iiiffffffPKhhffiiiffffPKff",16.48,30,1,8,8,16,16,1,0,132,13,0,,,124,1464,0,0,336,24,5016,0,8,124,0,0,0,366,0
1.02E+006,"_Z21fdk_ts_back1_kernel_2PfS_iiiffPKhhiiffPKf",4566.53,4579,1,240,16,8,8,8,0,96,13,0,,,686139,311592,0,0,50688,2021,482800,0,480,676426,6466,3247,155796,0,0
1.02E+006,"memcopy",142.69,146,,,,,,,,,,,179200,0,,,,,,,,,,,,,,,
1.02E+006,"_Z19fdk_ts_back1_kernelPfS_iiiffffffPKhhffiiiffffPKff",16.51,29,1,8,8,16,16,1,0,132,13,0,,,124,1464,0,0,310,22,4617,0,8,124,0,0,0,366,0
1.02E+006,"_Z21fdk_ts_back1_kernel_2PfS_iiiffPKhhiiffPKf",4630.21,4644,1,240,16,8,8,8,0,96,13,0,,,689961,311912,0,0,52417,2115,496168,0,480,680786,6118,3057,155956,0,0
1.03E+006,"memcopy",142.82,146,,,,,,,,,,,179200,0,,,,,,,,,,,,,,,
1.03E+006,"_Z19fdk_ts_back1_kernelPfS_iiiffffffPKhhffiiiffffPKff",16.38,30,1,8,8,16,16,1,0,132,13,0,,,124,1464,0,0,224,16,3397,0,8,124,0,0,0,366,0
1.03E+006,"_Z21fdk_ts_back1_kernel_2PfS_iiiffPKhhiiffPKf",4589.5,4603,1,240,16,8,8,8,0,96,13,0,,,700046,312668,0,0,50368,2104,486151,0,480,691636,5624,2786,156334,0,0
1.03E+006,"memcopy",142.85,147,,,,,,,,,,,179200,0,,,,,,,,,,,,,,,
1.03E+006,"_Z19fdk_ts_back1_kernelPfS_iiiffffffPKhhffiiiffffPKff",16.42,30,1,8,8,16,16,1,0,132,13,0,,,124,1464,0,0,336,24,5016,0,8,124,0,0,0,366,0
1.03E+006,"_Z21fdk_ts_back1_kernel_2PfS_iiiffPKhhiiffPKf",4640.19,4652,1,240,16,8,8,8,0,96,13,0,,,705187,314000,0,0,50854,2100,488407,0,480,697044,5423,2720,157000,0,0
1.04E+006,"memcopy",143.04,150,,,,,,,,,,,179200,0,,,,,,,,,,,,,,,
1.04E+006,"_Z19fdk_ts_back1_kernelPfS_iiiffffffPKhhffiiiffffPKff",16.48,30,1,8,8,16,16,1,0,132,13,0,,,124,1464,0,0,310,22,4617,0,8,124,0,0,0,366,0
1.04E+006,"_Z21fdk_ts_back1_kernel_2PfS_iiiffPKhhiiffPKf",4682.24,4696,1,240,16,8,8,8,0,96,13,0,,,709954,315812,0,0,52581,2156,501682,0,480,701932,5342,2680,157906,0,0
1.04E+006,"memcopy",143.01,147,,,,,,,,,,,179200,0,,,,,,,,,,,,,,,
1.04E+006,"_Z19fdk_ts_back1_kernelPfS_iiiffffffPKhhffiiiffffPKff",16.35,30,1,8,8,16,16,1,0,132,13,0,,,124,1464,0,0,224,16,3377,0,8,124,0,0,0,366,0
1.04E+006,"_Z21fdk_ts_back1_kernel_2PfS_iiiffPKhhiiffPKf",4724,4737,1,240,16,8,8,8,0,96,13,0,,,704327,318124,0,0,50704,2186,497598,0,480,696182,5436,2709,159062,0,0
1.05E+006,"memcopy",142.72,148,,,,,,,,,,,179200,0,,,,,,,,,,,,,,,
1.05E+006,"_Z19fdk_ts_back1_kernelPfS_iiiffffffPKhhffiiiffffPKff",16.54,30,1,8,8,16,16,1,0,132,13,0,,,124,1464,0,0,336,24,5012,0,8,124,0,0,0,366,0
1.05E+006,"_Z21fdk_ts_back1_kernel_2PfS_iiiffPKhhiiffPKf",4711.2,4724,1,240,16,8,8,8,0,96,13,0,,,725766,321228,0,0,51189,2182,499827,0,480,718322,4936,2508,160614,0,0
1.05E+006,"memcopy",142.69,146,,,,,,,,,,,179200,0,,,,,,,,,,,,,,,
1.05E+006,"_Z19fdk_ts_back1_kernelPfS_iiiffffffPKhhffiiiffffPKff",16.51,30,1,8,8,16,16,1,0,132,13,0,,,124,1464,0,0,310,22,4616,0,8,124,0,0,0,366,0
1.05E+006,"_Z21fdk_ts_back1_kernel_2PfS_iiiffPKhhiiffPKf",4742.78,4757,1,240,16,8,8,8,0,96,13,0,,,731063,325788,0,0,53071,2277,518183,0,480,723580,4986,2497,162894,0,0
1.06E+006,"memcopy",143.04,152,,,,,,,,,,,179200,0,,,,,,,,,,,,,,,
1.06E+006,"_Z19fdk_ts_back1_kernelPfS_iiiffffffPKhhffiiiffffPKff",16.51,30,1,8,8,16,16,1,0,132,13,0,,,124,1464,0,0,224,16,3380,0,8,124,0,0,0,366,0
1.06E+006,"_Z21fdk_ts_back1_kernel_2PfS_iiiffPKhhiiffPKf",4713.22,4727,1,240,16,8,8,8,0,96,13,0,,,738128,332816,0,0,51359,2341,519644,0,480,730256,5240,2632,166408,0,0
1.06E+006,"memcopy",143.04,147,,,,,,,,,,,179200,0,,,,,,,,,,,,,,,
1.06E+006,"_Z19fdk_ts_back1_kernelPfS_iiiffffffPKhhffiiiffffPKff",16.51,30,1,8,8,16,16,1,0,132,13,0,,,124,1464,0,0,336,24,5010,0,8,124,0,0,0,366,0
1.06E+006,"_Z21fdk_ts_back1_kernel_2PfS_iiiffPKhhiiffPKf",4756.74,4770,1,240,16,8,8,8,0,96,13,0,,,747717,342252,0,0,52005,2379,527222,0,480,739440,5518,2759,171126,0,0
1.07E+006,"memcopy",143.01,149,,,,,,,,,,,179200,0,,,,,,,,,,,,,,,
1.07E+006,"_Z19fdk_ts_back1_kernelPfS_iiiffffffPKhhffiiiffffPKff",16.51,29,1,8,8,16,16,1,0,132,13,0,,,124,1464,0,0,310,22,4624,0,8,124,0,0,0,366,0
1.07E+006,"_Z21fdk_ts_back1_kernel_2PfS_iiiffPKhhiiffPKf",4770.37,4784,1,240,16,8,8,8,0,96,13,0,,,762656,352232,0,0,53559,2350,534521,0,480,754184,5658,2814,176116,0,0
1.07E+006,"memcopy",143.04,146,,,,,,,,,,,179200,0,,,,,,,,,,,,,,,
1.07E+006,"_Z19fdk_ts_back1_kernelPfS_iiiffffffPKhhffiiiffffPKff",16.35,29,1,8,8,16,16,1,0,132,13,0,,,124,1464,0,0,224,16,3387,0,8,124,0,0,0,366,0
1.07E+006,"_Z21fdk_ts_back1_kernel_2PfS_iiiffPKhhiiffPKf",4745.92,4760,1,240,16,8,8,8,0,96,13,0,,,772249,362280,0,0,51529,2335,525482,0,480,763248,6012,2989,181140,0,0
1.08E+006,"memcopy",142.75,146,,,,,,,,,,,179200,0,,,,,,,,,,,,,,,
1.08E+006,"_Z19fdk_ts_back1_kernelPfS_iiiffffffPKhhffiiiffffPKff",16.58,30,1,8,8,16,16,1,0,132,13,0,,,124,1464,0,0,336,24,5011,0,8,124,0,0,0,366,0
1.08E+006,"_Z21fdk_ts_back1_kernel_2PfS_iiiffPKhhiiffPKf",4779.65,4792,1,240,16,8,8,8,0,96,13,0,,,778110,373536,0,0,52022,2220,528114,0,480,768436,6450,3224,186768,0,0
1.08E+006,"memcopy",142.72,145,,,,,,,,,,,179200,0,,,,,,,,,,,,,,,
1.08E+006,"_Z19fdk_ts_back1_kernelPfS_iiiffffffPKhhffiiiffffPKff",16.58,30,1,8,8,16,16,1,0,132,13,0,,,124,1464,0,0,310,22,4618,0,8,124,0,0,0,366,0
1.08E+006,"_Z21fdk_ts_back1_kernel_2PfS_iiiffPKhhiiffPKf",4754.88,4769,1,240,16,8,8,8,0,96,13,0,,,797004,383488,0,0,53568,1862,534991,0,480,787220,6518,3266,191744,0,0
1.09E+006,"memcopy",142.66,146,,,,,,,,,,,179200,0,,,,,,,,,,,,,,,
1.09E+006,"_Z19fdk_ts_back1_kernelPfS_iiiffffffPKhhffiiiffffPKff",16.61,29,1,8,8,16,16,1,0,132,13,0,,,124,1464,0,0,224,16,3375,0,8,124,0,0,0,366,0
1.09E+006,"_Z21fdk_ts_back1_kernel_2PfS_iiiffPKhhiiffPKf",4801.22,4814,1,240,16,8,8,8,0,96,13,0,,,791767,384092,0,0,51542,1891,526151,0,480,781902,6574,3291,192046,0,0
1.09E+006,"memcopy",142.72,146,,,,,,,,,,,179200,0,,,,,,,,,,,,,,,
1.09E+006,"_Z19fdk_ts_back1_kernelPfS_iiiffffffPKhhffiiiffffPKff",16.48,29,1,8,8,16,16,1,0,132,13,0,,,124,1464,0,0,336,24,5011,0,8,124,0,0,0,366,0
1.09E+006,"_Z21fdk_ts_back1_kernel_2PfS_iiiffPKhhiiffPKf",4783.49,4797,1,240,16,8,8,8,0,96,13,0,,,793055,378600,0,0,52034,2252,528709,0,480,783962,6052,3041,189300,0,0
1.10E+006,"memcopy",142.72,145,,,,,,,,,,,179200,0,,,,,,,,,,,,,,,
1.10E+006,"_Z19fdk_ts_back1_kernelPfS_iiiffffffPKhhffiiiffffPKff",16.38,29,1,8,8,16,16,1,0,132,13,0,,,124,1464,0,0,310,22,4617,0,8,124,0,0,0,366,0
1.10E+006,"_Z21fdk_ts_back1_kernel_2PfS_iiiffPKhhiiffPKf",4747.65,4761,1,240,16,8,8,8,0,96,13,0,,,791475,373716,0,0,53578,2332,535490,0,480,782988,5681,2806,186858,0,0
1.10E+006,"memcopy",142.69,146,,,,,,,,,,,179200,0,,,,,,,,,,,,,,,
1.10E+006,"_Z19fdk_ts_back1_kernelPfS_iiiffffffPKhhffiiiffffPKff",16.45,30,1,8,8,16,16,1,0,132,13,0,,,124,1464,0,0,224,16,3386,0,8,124,0,0,0,366,0
1.10E+006,"_Z21fdk_ts_back1_kernel_2PfS_iiiffPKhhiiffPKf",4768.48,4782,1,240,16,8,8,8,0,96,13,0,,,797706,368532,0,0,51550,2357,526545,0,480,790402,4870,2434,184266,0,0
1.11E+006,"memcopy",142.69,145,,,,,,,,,,,179200,0,,,,,,,,,,,,,,,
1.11E+006,"_Z19fdk_ts_back1_kernelPfS_iiiffffffPKhhffiiiffffPKff",16.51,30,1,8,8,16,16,1,0,132,13,0,,,124,1464,0,0,336,24,5011,0,8,124,0,0,0,366,0
1.11E+006,"_Z21fdk_ts_back1_kernel_2PfS_iiiffPKhhiiffPKf",4707.36,4721,1,240,16,8,8,8,0,96,13,0,,,796530,363672,0,0,52051,2364,529576,0,480,789708,4530,2292,181836,0,0
1.11E+006,"memcopy",142.69,146,,,,,,,,,,,179200,0,,,,,,,,,,,,,,,
1.11E+006,"_Z19fdk_ts_back1_kernelPfS_iiiffffffPKhhffiiiffffPKff",16.45,29,1,8,8,16,16,1,0,132,13,0,,,124,1464,0,0,310,22,4616,0,8,124,0,0,0,366,0
1.11E+006,"_Z21fdk_ts_back1_kernel_2PfS_iiiffPKhhiiffPKf",4741.79,4755,1,240,16,8,8,8,0,96,13,0,,,796476,359256,0,0,53318,2283,527929,0,480,790494,4000,1982,179628,0,0
1.12E+006,"memcopy",143.14,149,,,,,,,,,,,179200,0,,,,,,,,,,,,,,,
1.12E+006,"_Z19fdk_ts_back1_kernelPfS_iiiffffffPKhhffiiiffffPKff",16.61,30,1,8,8,16,16,1,0,132,13,0,,,124,1464,0,0,224,16,3393,0,8,124,0,0,0,366,0
1.12E+006,"_Z21fdk_ts_back1_kernel_2PfS_iiiffPKhhiiffPKf",4738.82,4751,1,240,16,8,8,8,0,96,13,0,,,794783,355996,0,0,50986,2195,509148,0,480,789124,3786,1873,177998,0,0
1.12E+006,"memcopy",143.42,150,,,,,,,,,,,179200,0,,,,,,,,,,,,,,,
1.12E+006,"_Z19fdk_ts_back1_kernelPfS_iiiffffffPKhhffiiiffffPKff",16.42,30,1,8,8,16,16,1,0,132,13,0,,,124,1464,0,0,336,24,5011,0,8,124,0,0,0,366,0
1.12E+006,"_Z21fdk_ts_back1_kernel_2PfS_iiiffPKhhiiffPKf",4727.2,4740,1,240,16,8,8,8,0,96,13,0,,,787826,353592,0,0,51356,2151,508318,0,480,782226,3728,1872,176796,0,0
1.13E+006,"memcopy",143.04,145,,,,,,,,,,,179200,0,,,,,,,,,,,,,,,
1.13E+006,"_Z19fdk_ts_back1_kernelPfS_iiiffffffPKhhffiiiffffPKff",16.42,30,1,8,8,16,16,1,0,132,13,0,,,124,1464,0,0,310,22,4616,0,8,124,0,0,0,366,0
1.13E+006,"_Z21fdk_ts_back1_kernel_2PfS_iiiffPKhhiiffPKf",4725.76,4739,1,240,16,8,8,8,0,96,13,0,,,784187,352464,0,0,52748,2111,510198,0,480,778578,3746,1863,176232,0,0
1.13E+006,"memcopy",143.1,149,,,,,,,,,,,179200,0,,,,,,,,,,,,,,,
1.13E+006,"_Z19fdk_ts_back1_kernelPfS_iiiffffffPKhhffiiiffffPKff",16.48,29,1,8,8,16,16,1,0,132,13,0,,,124,1464,0,0,224,16,3375,0,8,124,0,0,0,366,0
1.13E+006,"_Z21fdk_ts_back1_kernel_2PfS_iiiffPKhhiiffPKf",4737.18,4750,1,240,16,8,8,8,0,96,13,0,,,780967,351384,0,0,50709,2112,500692,0,480,775268,3800,1899,175692,0,0
1.14E+006,"memcopy",143.1,146,,,,,,,,,,,179200,0,,,,,,,,,,,,,,,
1.14E+006,"_Z19fdk_ts_back1_kernelPfS_iiiffffffPKhhffiiiffffPKff",16.67,30,1,8,8,16,16,1,0,132,13,0,,,124,1464,0,0,336,24,5010,0,8,124,0,0,0,366,0
1.14E+006,"_Z21fdk_ts_back1_kernel_2PfS_iiiffPKhhiiffPKf",4748.8,4761,1,240,16,8,8,8,0,96,13,0,,,771002,350744,0,0,51064,2067,499109,0,480,765092,3968,1942,175372,0,0
1.14E+006,"memcopy",143.1,148,,,,,,,,,,,179200,0,,,,,,,,,,,,,,,
1.14E+006,"_Z19fdk_ts_back1_kernelPfS_iiiffffffPKhhffiiiffffPKff",16.54,30,1,8,8,16,16,1,0,132,13,0,,,124,1464,0,0,310,22,4617,0,8,124,0,0,0,366,0
1.14E+006,"_Z21fdk_ts_back1_kernel_2PfS_iiiffPKhhiiffPKf",4765.6,4778,1,240,16,8,8,8,0,96,13,0,,,772948,350516,0,0,52602,2063,505603,0,480,767232,3814,1902,175258,0,0
1.15E+006,"memcopy",143.39,149,,,,,,,,,,,179200,0,,,,,,,,,,,,,,,
1.15E+006,"_Z19fdk_ts_back1_kernelPfS_iiiffffffPKhhffiiiffffPKff",16.48,29,1,8,8,16,16,1,0,132,13,0,,,124,1464,0,0,224,16,3386,0,8,124,0,0,0,366,0
1.15E+006,"_Z21fdk_ts_back1_kernel_2PfS_iiiffPKhhiiffPKf",4790.53,4803,1,240,16,8,8,8,0,96,13,0,,,771479,350200,0,0,50576,2066,496755,0,480,765880,3732,1867,175100,0,0
1.15E+006,"memcopy",143.04,146,,,,,,,,,,,179200,0,,,,,,,,,,,,,,,
1.15E+006,"_Z19fdk_ts_back1_kernelPfS_iiiffffffPKhhffiiiffffPKff",16.51,30,1,8,8,16,16,1,0,132,13,0,,,124,1464,0,0,336,24,5011,0,8,124,0,0,0,366,0
1.15E+006,"_Z21fdk_ts_back1_kernel_2PfS_iiiffPKhhiiffPKf",4727.62,4741,1,240,16,8,8,8,0,96,13,0,,,752798,350488,0,0,50917,1983,494450,0,480,746438,4252,2108,175244,0,0
1.16E+006,"memcopy",142.75,146,,,,,,,,,,,179200,0,,,,,,,,,,,,,,,
1.16E+006,"_Z19fdk_ts_back1_kernelPfS_iiiffffffPKhhffiiiffffPKff",16.54,30,1,8,8,16,16,1,0,132,13,0,,,124,1464,0,0,310,22,4619,0,8,124,0,0,0,366,0
1.16E+006,"_Z21fdk_ts_back1_kernel_2PfS_iiiffPKhhiiffPKf",4780.16,4794,1,240,16,8,8,8,0,96,13,0,,,743682,350732,0,0,52455,1981,500935,0,480,736976,4486,2220,175366,0,0
1.16E+006,"memcopy",142.66,149,,,,,,,,,,,179200,0,,,,,,,,,,,,,,,
1.16E+006,"_Z19fdk_ts_back1_kernelPfS_iiiffffffPKhhffiiiffffPKff",16.51,30,1,8,8,16,16,1,0,132,13,0,,,124,1464,0,0,224,16,3406,0,8,124,0,0,0,366,0
1.16E+006,"_Z21fdk_ts_back1_kernel_2PfS_iiiffPKhhiiffPKf",4789.76,4802,1,240,16,8,8,8,0,96,13,0,,,735078,351204,0,0,50435,1978,492398,0,480,728080,4684,2314,175602,0,0
1.17E+006,"memcopy",142.5,149,,,,,,,,,,,179200,0,,,,,,,,,,,,,,,
1.17E+006,"_Z19fdk_ts_back1_kernelPfS_iiiffffffPKhhffiiiffffPKff",16.38,29,1,8,8,16,16,1,0,132,13,0,,,124,1464,0,0,336,24,5012,0,8,124,0,0,0,366,0
1.17E+006,"_Z21fdk_ts_back1_kernel_2PfS_iiiffPKhhiiffPKf",4721.38,4735,1,240,16,8,8,8,0,96,13,0,,,729148,351840,0,0,50924,1982,494806,0,480,722028,4740,2380,175920,0,0
1.17E+006,"memcopy",142.66,147,,,,,,,,,,,179200,0,,,,,,,,,,,,,,,
1.17E+006,"_Z19fdk_ts_back1_kernelPfS_iiiffffffPKhhffiiiffffPKff",16.38,29,1,8,8,16,16,1,0,132,13,0,,,124,1464,0,0,310,22,4616,0,8,124,0,0,0,366,0
1.17E+006,"_Z21fdk_ts_back1_kernel_2PfS_iiiffPKhhiiffPKf",4763.9,4777,1,240,16,8,8,8,0,96,13,0,,,715623,352716,0,0,52462,1980,501306,0,480,707956,5106,2561,176358,0,0
1.18E+006,"memcopy",8187.39,4862,,,,,,,,,,,7618560,1,,,,,,,,,,,,,,,
